,Mã tin,Diện tích đất,Diện tích sử dụng,Chiều dài,Chiều rộng,Độ rộng hẻm,Độ rộng mặt tiền đường,Phòng ngủ,Phòng tắm,Lầu,Lửng,Tầng thượng,Hướng,Đường,Phường,Quận,Giá,Đơn giá gộp,Tiêu đề,Địa chỉ,"Gần chợ, siêu thị",Gần trường học,Di chuyển thuận tiện ra trung tâm,"Khu vực an ninh, yên tĩnh",phân loại
0,387193,14.0,14.0,,,,,1.0,1.0,0,0,0,Đông,Đ.Gò Công,P.13,Q.5,0.75,53.5,bán chung cư cũ gò công quận 5 - gần chợ kim biên,"Đ.Gò Công, P.13, Q.5, Hồ Chí Minh",0,0,0,0,2.0
7,207883,44.1,44.1,,,,,1.0,1.0,0,0,0,Tây,Đ.Gò Công,P.13,Q.5,1.0,22.6,bán căn hộ chung cư lầu 4 đường gò công - trung tâm quận 5 - gần chợ kim biên,"Đ.Gò Công, P.13, Q.5, Hồ Chí Minh",1,1,1,1,2.0
9,393792,36.0,36.0,,,,,1.0,1.0,0,0,0,,Đ.Tân Mỹ,P.Tân Phú,Q.7,1.05,29.1,"bán  căn hộ res iii, 1pn, 1wc,  phường tân phú, quận 7","Đ.Tân Mỹ, P.Tân Phú, Q.7, Hồ Chí Minh",0,0,0,0,2.0
13,417476,36.7,36.7,,,,,1.0,1.0,0,0,0,Bắc,Đ.Phạm Thế Hiển,P.4,Q.8,1.1,29.9,bán căn hộ lô c chung cư phạm thế hiển - sổ hồng riêng chính chủ,"Đ.Phạm Thế Hiển, P.4, Q.8, Hồ Chí Minh",0,0,0,0,2.0
17,204923,20.38,20.38,,,,,1.0,1.0,0,0,0,Đông,Đ.Nguyễn Trãi,P.14,Q.5,1.1,53.9,bán căn hộ chung cư ngay trung tâm quận 5,"Đ.Nguyễn Trãi, P.14, Q.5, Hồ Chí Minh",1,1,1,0,2.0
21,382860,34.0,34.0,,,,,1.0,1.0,0,0,0,Bắc,Đ.số 8,P.Tân Phú,Q.7,1.15,33.8,bán căn hộ 1 phòng ngủ chung cư tân mỹ quận 7- căn hộ thoáng mát.,"Đ.số 8, P.Tân Phú, Q.7, Hồ Chí Minh",1,1,0,0,2.0
24,409014,33.1,33.1,,,,,1.0,1.0,0,0,0,,Đ.số 8,P.Tân Phú,Q.7,1.15,34.7,căn hộ tầng thấp chung cư tân mỹ quận 7 đang để trống,"Đ.số 8, P.Tân Phú, Q.7, Hồ Chí Minh",0,0,0,0,2.0
25,394540,39.0,39.0,,,,,1.0,1.0,0,0,0,,Đ.Huỳnh Tấn Phát,P.Phú Thuận,Q.7,1.15,29.4,"bán căn hộ chung cư officetel d-vela,  phường phú thuận - quận 7","Đ.Huỳnh Tấn Phát, P.Phú Thuận, Q.7, Hồ Chí Minh",0,0,0,0,2.0
26,176668,30.44,30.44,,,,,1.0,1.0,0,0,0,,Đ.Nguyễn Hữu Thọ,X.Phước Kiển,H.Nhà Bè,1.16,38.1,bán căn hộ 1 phòng ngủ chung cư silver star-hưng phát 2 thích hợp mở văn phòng hoặc để ở đường nguyễn hữu thọ xã phước kiển huyện nhà bè,"Đ.Nguyễn Hữu Thọ, X.Phước Kiển, H.Nhà Bè, Hồ Chí Minh",1,1,1,1,2.0
28,394689,40.0,40.0,,,,,1.0,1.0,0,0,0,,Đ.Nguyễn Văn Quá,P.Đông Hưng Thuận,Q.12,1.2,30.0,"bán căn hộ 1 pn sang trọng, đầy đủ nội thất tại thái an 4 - quận 12","Đ.Nguyễn Văn Quá, P.Đông Hưng Thuận, Q.12, Hồ Chí Minh",1,0,0,0,2.0
29,391429,20.0,20.0,,,,,1.0,1.0,0,0,0,Tây,Đ.Võ Văn Kiệt,P.1,Q.5,1.2,60.0,bán căn hộ chung cư đường võ văn kiệt quận 5 - gần chợ hòa bình,"Đ.Võ Văn Kiệt, P.1, Q.5, Hồ Chí Minh",0,0,0,0,2.0
31,215105,50.03,50.03,,,,,2.0,2.0,0,0,0,,Đ.Nguyễn Văn Linh,X.An Phú Tây,H.Bình Chánh,1.2,23.9,"bán chung cư căn hộ hqc-đường nguyễn văn linh, huyện bình chánh","Đ.Nguyễn Văn Linh, X.An Phú Tây, H.Bình Chánh, Hồ Chí Minh",1,1,0,0,2.0
33,394789,28.6,28.6,,,,,1.0,1.0,0,0,0,,Đ.Nguyễn Lương Bằng,P.Phú Mỹ,Q.7,1.2,41.9,"bán căn hộ 1 phòng ngủ, 1wc, chung cư boulevar, phường phú mỹ, quận 7","Đ.Nguyễn Lương Bằng, P.Phú Mỹ, Q.7, Hồ Chí Minh",0,0,0,0,2.0
34,404618,33.1,33.1,,,,,1.0,1.0,0,0,0,Đ.Bắc,Đ.Nguyễn Lương Bằng,P.Tân Phú,Q.7,1.2,36.2,bán căn hộ 1 phòng ngủ chung cư tân mỹ phường tân phú quận 7 ,"Đ.Nguyễn Lương Bằng, P.Tân Phú, Q.7, Hồ Chí Minh",0,0,0,0,2.0
37,409815,33.1,33.1,,,,,1.0,1.0,0,0,0,Nam,Đ.Nguyễn Lương Bằng,P.Tân Phú,Q.7,1.2,36.2,"chính chủ cần bán căn hộ 01 phòng ngủ chung cư tân mỹ, quận 7.","Đ.Nguyễn Lương Bằng, P.Tân Phú, Q.7, Hồ Chí Minh",1,1,0,0,2.0
41,412285,51.68,51.68,,,,,2.0,2.0,0,0,0,Đ.Bắc,Đ.Phan Anh,P.Bình Trị Đông,Q.Bình Tân,1.25,24.1,bán căn hộ chung cư nguyễn quyền plaza quận bình tân ,"Đ.Phan Anh, P.Bình Trị Đông, Q.Bình Tân, Hồ Chí Minh",0,0,0,0,2.0
43,408744,50.0,50.0,,,,,1.0,1.0,0,0,0,,Đ.Liên phường,P.Phú Hữu,Q.9,1.25,25.0,căn hộ officetel sky9 trần cao thông thoáng,"Đ.Liên phường, P.Phú Hữu, Q.9, Hồ Chí Minh",0,0,0,0,2.0
50,287621,44.0,44.0,,,,,1.0,1.0,0,0,0,Bắc,Đ.Số 49,P.Bình Trưng Đông,Q.2,1.28,29.0,"bán căn hộ 1 phòng ngủ, chung cư mười mẫu, phường bình trưng đông, quận 2.","Đ.Số 49, P.Bình Trưng Đông, Q.2, Hồ Chí Minh",1,1,1,1,2.0
51,389258,33.0,33.0,,,,,1.0,1.0,0,0,0,,Đ.số 8,P.Tân Phú,Q.7,1.29,39.0,"bán căn hộ 1 phòng ngủ chung cư tân mỹ, tân phú- quận 7","Đ.số 8, P.Tân Phú, Q.7, Hồ Chí Minh",0,0,0,0,2.0
52,342991,40.0,40.0,,,,,1.0,1.0,0,0,0,Bắc,Đ.Phạm Thế Hiển,P.4,Q.8,1.3,32.5,bán căn hộ chung cư phạm thế hiển phường 4 quận 8 ,"Đ.Phạm Thế Hiển, P.4, Q.8, Hồ Chí Minh",1,1,1,1,2.0
55,414891,28.77,28.77,,,,,,1.0,0,0,0,,Đ.Liên phường,P.Phú Hữu,Q.9,1.3,45.1,"bán căn hộ officetel vừa ở vừa làm văn phòng, chung cư sky 9 apartments - quận 9","Đ.Liên phường, P.Phú Hữu, Q.9, Hồ Chí Minh",0,0,0,0,2.0
56,301680,29.9,29.9,7.0,4.8,,,1.0,1.0,0,0,0,Đ.Bắc,Đ.Nguyễn Xiển,P.Long Thạnh Mỹ,Q.9,1.3,43.4,bán căn hộ studio chung cư vinhomes grand park - view hướng đông bắc,"Đ.Nguyễn Xiển, P.Long Thạnh Mỹ, Q.9, Hồ Chí Minh",0,0,1,1,2.0
58,416791,26.84,26.84,,,,,1.0,1.0,0,0,0,,Đ.Trần Hưng Đạo,P.6,Q.5,1.3,48.4,bán căn hộ chung cư viễn đông quận 5 - diện tích 26.84m2,"Đ.Trần Hưng Đạo, P.6, Q.5, Hồ Chí Minh",0,0,0,0,2.0
62,382544,43.6,43.6,,,,,1.0,1.0,0,0,0,Đ.Bắc,Đ.Huỳnh Văn Chính,P.Phú Trung,Q.Tân Phú,1.35,30.9,bán căn hộ 1 phòng ngủ chung cư huỳnh văn chính 1 quận tân phú - căn hộ trống giao ngay,"Đ.Huỳnh Văn Chính, P.Phú Trung, Q.Tân Phú, Hồ Chí Minh",1,1,1,0,2.0
65,407906,31.46,31.46,,,,,1.0,1.0,0,0,0,,Đ.Liên phường,P.Phú Hữu,Q.9,1.35,42.9,"bán officetel chung cư sky 9 apartments - phường phú hữu, quận 9","Đ.Liên phường, P.Phú Hữu, Q.9, Hồ Chí Minh",0,0,0,0,2.0
66,413968,51.8,51.8,,,,,1.0,1.0,0,0,0,,Đ.Dương Thị Mười,P.Tân Chánh Hiệp,Q.12,1.35,26.0,bán căn hộ cao cấp 1 phòng ngủ tại chung cư hưng ngân garden quận 12,"Đ.Dương Thị Mười, P.Tân Chánh Hiệp, Q.12, Hồ Chí Minh",0,0,0,0,2.0
67,288284,46.0,46.0,,,,,1.0,1.0,0,0,0,T.Nam,Đ.Số 3B,X.Phong Phú,H.Bình Chánh,1.35,29.3,bán căn hộ chung cư conic garden xã phong phú huyện bình chánh - sổ hồng riêng chính chủ,"Đ.Số 3B, X.Phong Phú, H.Bình Chánh, Hồ Chí Minh",0,0,0,0,2.0
68,351522,44.1,44.1,9.59,6.22,,,1.0,1.0,0,0,0,T.Bắc,Đ.QL1A Xa Lộ Đại Hàn,P.Tân Tạo,Q.Bình Tân,1.35,30.6,"bán căn hộ mini 1 phòng ngủ chung cư tân mai, bình tân.","Đ.QL1A Xa Lộ Đại Hàn, P.Tân Tạo, Q.Bình Tân, Hồ Chí Minh",1,1,1,0,2.0
70,382200,40.0,40.0,,,,,1.0,1.0,0,0,0,,Đ.Phạm Thế Hiển,P.4,Q.8,1.35,33.7,bán căn hộ chung cư phạm thế hiển phường 4 quận 8 ,"Đ.Phạm Thế Hiển, P.4, Q.8, Hồ Chí Minh",1,1,1,1,2.0
74,415984,28.2,28.2,,,,,1.0,1.0,0,0,0,,Đ.Huỳnh Tấn Phát,P.Phú Mỹ,Q.7,1.35,47.8,bán căn hộ officetel quận 7 - chung cư d-vela - hợp đồng mua bán,"Đ.Huỳnh Tấn Phát, P.Phú Mỹ, Q.7, Hồ Chí Minh",1,1,1,1,2.0
76,349713,69.85,69.85,,,,,2.0,2.0,0,0,0,,Đ.Nguyễn Văn Linh,X.An Phú Tây,H.Bình Chánh,1.37,19.7,"bán căn hộ hqc - đường nguyễn văn linh, huyện bình chánh","Đ.Nguyễn Văn Linh, X.An Phú Tây, H.Bình Chánh, Hồ Chí Minh",0,0,0,0,2.0
77,405212,62.4,62.4,,,,,2.0,2.0,0,0,0,T.Bắc,Đ.số 45,P.14,Q.Gò Vấp,1.38,22.1,"bán căn hộ khang gia quận gò vấp - tầng 2 - view đẹp, thoáng mát","Đ.số 45, P.14, Q.Gò Vấp, Hồ Chí Minh",1,1,1,0,2.0
80,405138,44.6,44.6,,,,,1.0,1.0,0,0,0,Tây,Đ.Độc Lập,P.Tân Quý,Q.Tân Phú,1.39,31.1,"bán căn hộ chung cư 44.6m2 phường tân quý, quận tân phú","Đ.Độc Lập, P.Tân Quý, Q.Tân Phú, Hồ Chí Minh",1,0,0,0,2.0
81,401111,27.7,27.7,7.0,4.0,,,1.0,1.0,0,0,0,Đ.Bắc,Đ.Nguyễn Xiển,P.Long Thạnh Mỹ,Q.9,1.39,50.1,bán căn studio chung cư vinhomes grand park - quận 9.,"Đ.Nguyễn Xiển, P.Long Thạnh Mỹ, Q.9, Hồ Chí Minh",1,1,0,1,2.0
83,401524,64.0,64.0,,,,,2.0,1.0,0,0,0,,Đ.Tân Hương,P.Tân Quý,Q.Tân Phú,1.4,21.8,bán căn hộ khang gia - tân hương quận tân phú,"Đ.Tân Hương, P.Tân Quý, Q.Tân Phú, Hồ Chí Minh",0,0,0,0,2.0
84,419432,31.0,31.0,,,,,1.0,1.0,0,0,0,Đ.Bắc,Đ.Bàu Cát 6,P.14,Q.Tân Bình,1.4,45.1,bán căn hộ quận tân bình - chung cư 1 bàu cát - đã có sổ hồng - view thoáng mát,"Đ.Bàu Cát 6, P.14, Q.Tân Bình, Hồ Chí Minh",1,1,1,0,2.0
86,411615,36.7,36.7,,,,,1.0,1.0,0,0,0,Nam,Đ.Phạm Thế Hiển,P.4,Q.8,1.4,38.1,"bán căn hộ cung cư phạm thế hiển, p.4, quận 8 - nằm trong chợ phạm thế hiển","Đ.Phạm Thế Hiển, P.4, Q.8, Hồ Chí Minh",1,1,0,0,2.0
87,408523,44.0,44.0,,,,,1.0,1.0,0,0,0,,Đ.Số 49,P.Bình Trưng Đông,Q.2,1.4,31.8,"bán căn hộ tầng trệt của chung cư mười mẫu, phường bình trưng đông, quận 2.","Đ.Số 49, P.Bình Trưng Đông, Q.2, Hồ Chí Minh",0,0,0,0,2.0
89,374791,45.2,45.2,,,,,1.0,1.0,0,0,0,Đ.Nam,Đ.Số 1,P.Bình Hưng Hòa B,Q.Bình Tân,1.4,30.9,bán căn hộ 1pn chung cư green town bình tân - thiết kế theo phong cách hàn quốc,"Đ.Số 1, P.Bình Hưng Hòa B, Q.Bình Tân, Hồ Chí Minh",1,1,1,0,2.0
92,375050,28.0,28.0,,,,,1.0,1.0,0,0,0,Đông,Đ.Nguyễn Trãi,P.14,Q.5,1.45,51.7,bán căn hộ chung cư ngay trung tâm quận 5 - gần chợ lớn,"Đ.Nguyễn Trãi, P.14, Q.5, Hồ Chí Minh",0,0,0,0,2.0
96,398475,25.0,25.0,,,,,1.0,1.0,0,0,0,,Đ.Tạ Quang Bửu,P.5,Q.8,1.45,58.0,"bán căn hộ officetel chung cư central premium, phường 5 quận 8 ","Đ.Tạ Quang Bửu, P.5, Q.8, Hồ Chí Minh",1,1,1,1,2.0
97,231711,45.94,45.94,,,,,1.0,1.0,0,0,0,,Đ.Nguyễn Lương Bằng,P.Phú Mỹ,Q.7,1.45,31.5,"bán căn hộ era town đức khải 1pn 50.74 m2 đầy đủ nội thất, phường phú mỹ quận 7 bao hết thuế phí","Đ.Nguyễn Lương Bằng, P.Phú Mỹ, Q.7, Hồ Chí Minh",1,1,1,0,2.0
100,391988,46.3,46.3,,,,,2.0,1.0,0,0,0,Nam,Đ.QL1A Xa Lộ Đại Hàn,P.Tân Tạo,Q.Bình Tân,1.45,31.3,bán căn hộ chung cư nhất lan 3 - p. tân tạo - q. bình tân,"Đ.QL1A Xa Lộ Đại Hàn, P.Tân Tạo, Q.Bình Tân, Hồ Chí Minh",0,0,0,0,2.0
102,380088,54.0,54.0,,,,,2.0,1.0,0,0,0,,Đ.số 1,P.Phú Hữu,Q.9,1.46,27.0,căn hộ sky 9 officetel 1 phòng ngủ trần cao 54m2 tại vòng xoay liên phường.,"Đ.số 1, P.Phú Hữu, Q.9, Hồ Chí Minh",1,0,0,0,2.0
103,373926,50.0,50.0,,,,,1.0,1.0,0,0,0,,Đ.Hồ Học Lãm,P.An Lạc,Q.Bình Tân,1.47,29.4,"bán căn hộ ehome 3, an lạc, bình tân ","Đ.Hồ Học Lãm, P.An Lạc, Q.Bình Tân, Hồ Chí Minh",0,0,0,0,2.0
104,339317,36.46,36.46,,,,,,1.0,0,0,0,Đ.Nam,Đ.Nguyễn Duy Trinh,P.Bình Trưng Tây,Q.2,1.47,40.4,"bán căn shop thương mại thuộc căn hộ la astoria, phường bình trưng tây, quận 2 - hướng đông nam.","Đ.Nguyễn Duy Trinh, P.Bình Trưng Tây, Q.2, Hồ Chí Minh",1,1,1,1,2.0
106,400884,43.0,43.0,,,,,1.0,1.0,0,0,0,,Đ.Gò Dầu,P.Tân Quý,Q.Tân Phú,1.5,34.8,bán căn hộ chung cư gò dầu 1 quận tân phú - sổ hồng chính chủ,"Đ.Gò Dầu, P.Tân Quý, Q.Tân Phú, Hồ Chí Minh",0,0,0,0,2.0
112,321319,45.34,45.34,,,,,1.0,1.0,0,0,0,,Đ.Trần Đại Nghĩa,P.Tân Tạo A,Q.Bình Tân,1.5,33.0,bán căn hộ vision 1pn p. tân tạo a- quận bình tân,"Đ.Trần Đại Nghĩa, P.Tân Tạo A, Q.Bình Tân, Hồ Chí Minh",1,1,0,0,2.0
119,384225,50.0,50.0,,,,,3.0,1.0,0,0,0,Đông,Đ.An Bình,P.7,Q.5,1.5,30.0,bán căn hộ chung cư ngay trung tâm quận 5 - tầng 5,"Đ.An Bình, P.7, Q.5, Hồ Chí Minh",0,0,0,0,2.0
120,173468,33.5,33.5,10.0,3.5,,,2.0,1.0,0,0,0,T.Bắc,Đ.Hưng Phú,P.10,Q.8,1.5,44.7,"bán căn hộ chung cư phường 10, quận 8 - sổ hồng riêng chính chủ","Đ.Hưng Phú, P.10, Q.8, Hồ Chí Minh",1,1,1,1,2.0
122,401478,85.9,85.9,,,,,2.0,2.0,0,0,0,T.Bắc,Đ.Ba Tơ,P.7,Q.8,1.5,17.4,"bán căn hộ 2 phòng ngủ chung cư him lam ba tơ, phường 7- quận 8 ","Đ.Ba Tơ, P.7, Q.8, Hồ Chí Minh",1,1,1,1,2.0
123,419893,49.0,49.0,,,,,1.0,1.0,0,0,0,Đ.Nam,Đ.Hoàng Kim Giao,P.5,Q.8,1.5,30.6,bán căn hộ quận 8 - chung cư 52 chánh hưng - đã có sổ hồng - có thang máy,"Đ.Hoàng Kim Giao, P.5, Q.8, Hồ Chí Minh",1,1,1,1,2.0
125,389633,28.0,28.0,,,,,1.0,1.0,0,0,0,Đ.Nam,Đ.Nguyễn Xiển,P.Long Thạnh Mỹ,Q.9,1.5,53.5,bán căn hộ studio vinhomes grand park quận 9 thành phố thủ đức,"Đ.Nguyễn Xiển, P.Long Thạnh Mỹ, Q.9, Hồ Chí Minh",0,0,1,1,2.0
127,408216,49.65,49.65,,,,,1.0,1.0,0,0,0,T.Bắc,Đ.Hồ Học Lãm,P.An Lạc,Q.Bình Tân,1.52,30.6,bán căn hộ 1 phòng ngủ chung cư ehome3 quận bình tân,"Đ.Hồ Học Lãm, P.An Lạc, Q.Bình Tân, Hồ Chí Minh",1,1,1,1,2.0
128,97379,59.0,59.0,,,,,2.0,1.0,0,0,0,T.Nam,Đ.Đồng Văn Cống,P.Thạnh Mỹ Lợi,Q.2,1.53,25.9,"bán căn hộ chung cư thạnh mỹ lợi, quận 2.","Đ.Đồng Văn Cống, P.Thạnh Mỹ Lợi, Q.2, Hồ Chí Minh",0,0,0,0,2.0
130,188291,30.0,30.0,8.0,4.0,,,1.0,1.0,0,0,0,Đ.Nam,Đ.Nguyễn Xiển,P.Long Thạnh Mỹ,Q.9,1.53,51.0,chính chủ bán căn hộ studio vinhomes grand park- hướng đông nam,"Đ.Nguyễn Xiển, P.Long Thạnh Mỹ, Q.9, Hồ Chí Minh",0,0,1,1,2.0
131,367441,51.0,51.0,,,,,1.0,1.0,0,0,0,,Đ.Phạm Đức Sơn,P.16,Q.8,1.54,30.1,bán căn hộ chung cư heaven riverview (mỹ phúc) phường 16 - quận 8 ,"Đ.Phạm Đức Sơn, P.16, Q.8, Hồ Chí Minh",1,1,1,1,2.0
135,360482,45.0,45.0,,,,,1.0,1.0,0,0,0,,Đ.Tô Hiệu,P.Hiệp Tân,Q.Tân Phú,1.55,34.4,bán căn hộ 1pn chung cư 8x đầm sen quận tân phú - tầng cao thoáng mát,"Đ.Tô Hiệu, P.Hiệp Tân, Q.Tân Phú, Hồ Chí Minh",1,1,1,0,2.0
136,367619,50.6,50.6,,,,,1.0,1.0,0,0,0,Đ.Nam,Đ.Dương Đình Hội,P.Phước Long B,Q.9,1.55,30.6,chính chủ cần bán nhanh căn hộ chung cư  ehome đông sài gòn 1 đường dương đình hội- quận 9,"Đ.Dương Đình Hội, P.Phước Long B, Q.9, Hồ Chí Minh",1,1,0,1,2.0
137,398636,38.4,38.4,,,,,1.0,1.0,0,0,0,,Đ.Số 14,P.Tân Thuận Đông,Q.7,1.55,40.3,bán căn hộ 1 phòng ngủ chung cư an hòa 2 quận 7 - đầy đủ nội thất.,"Đ.Số 14, P.Tân Thuận Đông, Q.7, Hồ Chí Minh",1,1,1,1,2.0
138,268785,76.7,76.7,,,,,2.0,2.0,0,0,0,,Đ.số 45,P.14,Q.Gò Vấp,1.55,20.2,"bán căn hộ khang gia quân gò vấp - tầng 11 - view đẹp, thoáng mát","Đ.số 45, P.14, Q.Gò Vấp, Hồ Chí Minh",1,1,1,1,2.0
139,409802,32.0,32.0,,,,,,1.0,0,0,0,Đ.Bắc,Đ.Bàu Cát 6,P.14,Q.Tân Bình,1.55,48.4,bán căn hộ quận tân bình - chung cư 1 bàu cát - đã có sổ hồng - tầng thấp tiện di chuyển,"Đ.Bàu Cát 6, P.14, Q.Tân Bình, Hồ Chí Minh",1,1,1,1,2.0
141,384999,51.0,51.0,,,,,2.0,2.0,0,0,0,,Đ.Nguyễn Văn Linh,X.Phong Phú,H.Bình Chánh,1.55,30.3,bán căn hộ cao cấp 2pn tại chung cư saigon intela - bình chánh.,"Đ.Nguyễn Văn Linh, X.Phong Phú, H.Bình Chánh, Hồ Chí Minh",1,1,1,0,2.0
143,415335,57.1,57.1,,,,,2.0,1.0,0,0,0,Nam,Đ.An Dương Vương,P.An Lạc,Q.Bình Tân,1.55,27.1,bán căn hộ chung cư a2 lê thành phường an lạc - quận bình tân,"Đ.An Dương Vương, P.An Lạc, Q.Bình Tân, Hồ Chí Minh",0,0,0,0,2.0
144,377835,44.57,44.57,,,,,1.0,1.0,0,0,0,Đông,Đ.Độc Lập,P.Tân Quý,Q.Tân Phú,1.56,35.0,bán căn hộ 1 phòng ngủ chung cư độc lập lô a quận tân phú,"Đ.Độc Lập, P.Tân Quý, Q.Tân Phú, Hồ Chí Minh",1,1,1,0,2.0
145,412123,45.3,45.3,,,,,1.0,1.0,0,0,0,Nam,Đ.Thống Nhất,P.11,Q.Gò Vấp,1.56,34.4,bán căn hộ quận gò vấp - chung cư nguyễn văn lượng 2 - đã có sổ hồng - tầng thấp tiện di chuyển,"Đ.Thống Nhất, P.11, Q.Gò Vấp, Hồ Chí Minh",1,1,1,1,2.0
146,301470,73.0,73.0,,,,,2.0,2.0,0,0,0,Đ.Bắc,Đ.Tân Hòa Đông,P.14,Q.6,1.57,21.6,bán chung cư tân hòa đông p14 q6 - tầng 4 - 66.1m2 - 2pn 2wc,"Đ.Tân Hòa Đông, P.14, Q.6, Hồ Chí Minh",0,0,0,0,2.0
148,345883,44.0,44.0,,,,,2.0,1.0,0,0,0,Đông,Đ.Tống Văn Trân,P.5,Q.11,1.58,35.9,bán căn hộ chung cư lạc long quân phường 5 quận 11. tầng 3,"Đ.Tống Văn Trân, P.5, Q.11, Hồ Chí Minh",0,0,0,0,2.0
150,400190,30.3,30.3,,,,,1.0,1.0,0,0,0,Đ.Bắc,Đ.Nguyễn Xiển,P.Long Thạnh Mỹ,Q.9,1.58,52.3,bán căn hộ studio chung cư vinhomes grand park - quận 9,"Đ.Nguyễn Xiển, P.Long Thạnh Mỹ, Q.9, Hồ Chí Minh",1,1,0,0,2.0
151,417292,55.62,55.62,,,,,3.0,1.0,0,0,0,,Đ.số 23,P.Hiệp Bình Chánh,Q.Thủ Đức,1.59,28.5,bán căn hộ quận thủ đức -tp.thủ đức - chung cư hiệp bình chánh - đã có sổ hồng - tầng cao view thoáng,"Đ.số 23, P.Hiệp Bình Chánh, Q.Thủ Đức, Hồ Chí Minh",1,1,1,0,2.0
152,352746,69.8,69.8,,,,,2.0,2.0,0,0,0,Tây,Đ.Trường Chinh,P.Tân Thới Nhất,Q.12,1.6,22.9,bán căn hộ cao cấp 2pn sang trọng tại kim tâm hải apartment - quận 12,"Đ.Trường Chinh, P.Tân Thới Nhất, Q.12, Hồ Chí Minh",1,1,1,1,2.0
154,386560,49.0,49.0,,,,,1.0,1.0,0,0,0,Nam,Đ.Lê Thị Riêng,P.Thới An,Q.12,1.6,32.6,bán căn hộ cao cấp 1 phòng ngủ sang trọng tại hado riverside - quận 12,"Đ.Lê Thị Riêng, P.Thới An, Q.12, Hồ Chí Minh",1,1,1,1,2.0
155,391997,58.9,58.9,,,,,2.0,1.0,0,0,0,Tây,Đ.QL1A Xa Lộ Đại Hàn,P.Tân Tạo,Q.Bình Tân,1.6,27.1,bán căn hộ chung cư nhất lan 3 - p. tân tạo - q. bình tân,"Đ.QL1A Xa Lộ Đại Hàn, P.Tân Tạo, Q.Bình Tân, Hồ Chí Minh",0,0,0,0,2.0
156,340513,44.26,44.26,,,,,1.0,1.0,0,0,0,,Đ.Độc Lập,P.Tân Quý,Q.Tân Phú,1.6,36.1,bán căn hộ 1pn chung cư độc lập lô a quận tân phú,"Đ.Độc Lập, P.Tân Quý, Q.Tân Phú, Hồ Chí Minh",1,1,1,0,2.0
161,415824,70.0,70.0,,,,,2.0,1.0,0,0,0,Đ.Nam,Đ.Phạm Thế Hiển,P.7,Q.8,1.6,22.8,bán căn hộ quận 8 - chung cư phú lợi d2 - đã có sổ hồng - view thoáng,"Đ.Phạm Thế Hiển, P.7, Q.8, Hồ Chí Minh",1,1,1,1,2.0
162,390822,50.0,50.0,,,,,2.0,2.0,0,0,0,Đông,Đ.Nguyễn Văn Linh,X.Phong Phú,H.Bình Chánh,1.6,32.0,bán căn hộ cao cấp 2pn tại chung cư saigon intela - bình chánh.,"Đ.Nguyễn Văn Linh, X.Phong Phú, H.Bình Chánh, Hồ Chí Minh",1,1,1,1,2.0
163,372185,30.4,30.4,,,,,1.0,1.0,0,0,0,T.Bắc,Đ.Nguyễn Xiển,P.Long Thạnh Mỹ,Q.9,1.6,52.6,bán căn studio chung cư vinhomes grand park - quận 9.,"Đ.Nguyễn Xiển, P.Long Thạnh Mỹ, Q.9, Hồ Chí Minh",1,1,0,0,2.0
167,362548,32.39,32.39,,,,,1.0,1.0,0,0,0,Đông,Đ.D1,P.Tân Hưng,Q.7,1.6,49.3,chung cư florita bán căn hộ officetel 32.39 m2 nội thất cơ bản - phường tân hưng - quận 7 - tầng thấp ,"Đ.D1, P.Tân Hưng, Q.7, Hồ Chí Minh",1,1,1,1,2.0
169,419419,46.02,46.02,,,,,1.0,1.0,0,0,0,,Đ.An Dương Vương,P.4,Q.5,1.6,34.7,bán căn hộ quận 5 - sổ hồng riêng giao dịch ngay,"Đ.An Dương Vương, P.4, Q.5, Hồ Chí Minh",0,0,0,0,2.0
175,223942,70.0,70.0,,,,,2.0,2.0,0,0,0,,Đ.Độc Lập,P.Tân Quý,Q.Tân Phú,1.6,22.8,bán chung cư độc lập tầng 5 quận tân phú khu dân trí cao,"Đ.Độc Lập, P.Tân Quý, Q.Tân Phú, Hồ Chí Minh",1,1,0,1,2.0
177,345633,50.0,50.0,,,,,2.0,1.0,0,0,0,Đông,Đ.Phan Văn Hớn,P.Tân Thới Nhất,Q.12,1.6,32.0,bán căn hộ cao cấp 2pn tại chung cư topaz home quận 12 - tầng cao,"Đ.Phan Văn Hớn, P.Tân Thới Nhất, Q.12, Hồ Chí Minh",1,1,1,1,2.0
178,251870,31.41,31.41,,,,,1.0,1.0,0,0,0,Đ.Nam,Đ.Mai Chí Thọ,P.An Phú,Q.2,1.6,50.9,"bán căn officetel chung cư the sun avenue, phường an phú, quận 2.","Đ.Mai Chí Thọ, P.An Phú, Q.2, Hồ Chí Minh",1,1,1,1,2.0
180,385631,45.43,45.43,,,,,2.0,1.0,0,0,0,,Đ.Lê Thị Riêng,P.Thới An,Q.12,1.65,36.3,bán căn hộ cao cấp 2 phòng ngủ sang trọng tại hado riverside - quận 12,"Đ.Lê Thị Riêng, P.Thới An, Q.12, Hồ Chí Minh",1,1,1,1,2.0
183,384637,59.0,59.0,,,,,1.0,1.0,0,0,0,Đông,Đ.DD2,P.Tân Hưng Thuận,Q.12,1.65,27.9,bán căn hộ 1 phòng ngủ sang trọng tại chung cư an sương - quận 12,"Đ.DD2, P.Tân Hưng Thuận, Q.12, Hồ Chí Minh",1,1,1,1,2.0
185,413186,55.0,55.0,,,,,1.0,1.0,0,0,0,,Đ.D31,P.Phước Long B,Q.9,1.65,30.0,căn hộ tầng trung phố đông - hoa sen apartment trung tâm thành phố thủ đức,"Đ.D31, P.Phước Long B, Q.9, Hồ Chí Minh",0,0,0,0,2.0
187,259520,28.0,28.0,,,,,1.0,1.0,0,0,0,,Đ.Hồng Hà,P.9,Q.Phú Nhuận,1.65,58.9,"chính chủ bán căn hộ orchard garden đang để trống, full nội thất","Đ.Hồng Hà, P.9, Q.Phú Nhuận, Hồ Chí Minh",0,0,0,0,2.0
188,60439,39.02,39.02,,,,,1.0,1.0,0,0,0,Đ.Bắc,Đ.Số 7,P.An Lạc A,Q.Bình Tân,1.65,42.2,bán căn hộ officetel chung cư moonlight park view quận bình tân,"Đ.Số 7, P.An Lạc A, Q.Bình Tân, Hồ Chí Minh",1,1,1,1,2.0
189,382163,49.0,49.0,,,,,2.0,2.0,0,0,0,Đ.Bắc,Đ.Nguyễn Văn Linh,X.Phong Phú,H.Bình Chánh,1.65,33.6,bán căn hộ cao cấp 2pn tại chung cư saigon intela - bình chánh.,"Đ.Nguyễn Văn Linh, X.Phong Phú, H.Bình Chánh, Hồ Chí Minh",1,0,1,1,2.0
190,297824,54.88,54.88,,,,,2.0,2.0,0,0,0,T.Nam,Đ.Cây Keo,P.Tam Phú,Q.Thủ Đức,1.65,30.0,"bán gấp căn hộ 2 phòng ngủ, thuộc chung cư đạt gia phường tam phú, quận thủ đức","Đ.Cây Keo, P.Tam Phú, Q.Thủ Đức, Hồ Chí Minh",1,1,1,1,2.0
191,418571,56.0,56.0,,,,,1.0,1.0,0,0,0,,Đ.Số 34,P.Bình Trị Đông B,Q.Bình Tân,1.65,29.4,bán căn hộ chung cư full house quận bình tân - đối diên aeon mall bình tân.,"Đ.Số 34, P.Bình Trị Đông B, Q.Bình Tân, Hồ Chí Minh",0,0,0,0,2.0
192,397158,51.54,51.54,,,,,2.0,2.0,0,0,0,,Đ.Nguyễn Văn Linh,X.Phong Phú,H.Bình Chánh,1.65,32.0,bán căn hộ cao cấp tại chung cư saigon intela - bình chánh,"Đ.Nguyễn Văn Linh, X.Phong Phú, H.Bình Chánh, Hồ Chí Minh",0,0,0,0,2.0
193,382160,49.0,49.0,,,,,2.0,2.0,0,0,0,Đ.Bắc,Đ.Nguyễn Văn Linh,X.Phong Phú,H.Bình Chánh,1.65,33.6,bán căn hộ cao cấp 2pn tại chung cư saigon intela - bình chánh.,"Đ.Nguyễn Văn Linh, X.Phong Phú, H.Bình Chánh, Hồ Chí Minh",1,1,1,1,2.0
194,404550,47.9,47.9,,,,,2.0,1.0,0,0,0,,Đ.Số 3,P.Bình Hưng Hòa B,Q.Bình Tân,1.65,34.4,"bán căn hộ chung cư green town - view đẹp phường bình hưng hòa b, bình tân ","Đ.Số 3, P.Bình Hưng Hòa B, Q.Bình Tân, Hồ Chí Minh",1,1,1,0,2.0
197,165896,62.0,62.0,,,,,2.0,2.0,0,0,0,,Đ.3A,P.Tân Tạo A,Q.Bình Tân,1.65,26.6,bán chung cư nhất lan 3 tân tạo a- bình tân,"Đ.3A, P.Tân Tạo A, Q.Bình Tân, Hồ Chí Minh",0,0,0,0,2.0
200,412513,49.95,49.95,,,,,1.0,2.0,0,0,0,,Đ.Nguyễn Văn Linh,X.Phong Phú,H.Bình Chánh,1.65,33.0,"bán căn hộ cao cấp chung cư sài gòn intela ngay xã phong phú, huyện bình chánh","Đ.Nguyễn Văn Linh, X.Phong Phú, H.Bình Chánh, Hồ Chí Minh",0,0,0,0,2.0
201,419735,48.2,48.2,,,,,2.0,1.0,0,0,0,,Đ.Số 17A,P.Bình Trị Đông B,Q.Bình Tân,1.66,34.4,bán căn hộ chung cư hai thành quận bình tân ,"Đ.Số 17A, P.Bình Trị Đông B, Q.Bình Tân, Hồ Chí Minh",0,0,0,0,2.0
202,365882,48.2,48.2,,,,,2.0,2.0,0,0,0,Tây,Đ.Số 17A,P.Bình Trị Đông B,Q.Bình Tân,1.67,34.6,bán căn hộ chung cư hai thành quận bình tân,"Đ.Số 17A, P.Bình Trị Đông B, Q.Bình Tân, Hồ Chí Minh",0,0,0,0,2.0
203,215643,66.0,66.0,,,,,2.0,2.0,0,0,0,Đông,Đ.QL1A Xa Lộ Đại Hàn,P.Tân Tạo,Q.Bình Tân,1.67,25.3,bán căn hộ an gia star quận bình tân,"Đ.QL1A Xa Lộ Đại Hàn, P.Tân Tạo, Q.Bình Tân, Hồ Chí Minh",0,0,0,0,2.0
204,375709,65.0,65.0,,,,,2.0,1.0,0,0,0,,Đ.Nam Hòa,P.Phước Long A,Q.9,1.68,25.8,bán căn hộ cao ốc xanh (green building) ở thành phố thủ đức,"Đ.Nam Hòa, P.Phước Long A, Q.9, Hồ Chí Minh",0,0,0,0,2.0
205,251201,85.0,85.0,,,,,2.0,2.0,0,0,0,Đ.Nam,Đ.Ba Tơ,P.7,Q.8,1.68,19.7,bán căn hộ chung cư c1 phường 7 quận 8 - tầng cao thoáng mát,"Đ.Ba Tơ, P.7, Q.8, Hồ Chí Minh",1,1,0,1,2.0
207,414962,42.1,42.1,,,,,1.0,1.0,0,0,0,T.Bắc,Đ.Phan Văn Trị,P.11,Q.Bình Thạnh,1.68,39.9,"bán căn hộ chung cư 234 phan văn trị, p. 11, q. bình thạnh","Đ.Phan Văn Trị, P.11, Q.Bình Thạnh, Hồ Chí Minh",0,0,0,0,2.0
208,413243,44.3,44.3,,,,,1.0,1.0,0,0,0,,Đ.Bùi Minh Trực,P.5,Q.8,1.69,38.1,bán căn hộ chung cư iii bùi minh trực phường 5 quận 8 - diện tích : 44.3m2,"Đ.Bùi Minh Trực, P.5, Q.8, Hồ Chí Minh",1,1,1,1,2.0
209,408311,80.0,80.0,,,,,2.0,1.0,0,0,0,Tây,Đ.Phạm Thế Hiển,P.7,Q.8,1.69,21.1,bán căn hộ quận 8 - chung cư phú lợi - đã có sổ hồng - view thoáng,"Đ.Phạm Thế Hiển, P.7, Q.8, Hồ Chí Minh",1,1,0,0,2.0
211,392516,45.0,45.0,,,,,1.0,1.0,0,0,0,,Đ.Bùi Minh Trực,P.5,Q.8,1.69,37.5,bán căn hộ 1 phòng ngủ 45m2 chung cư iii bùi minh trực phường 5 quận 8 ,"Đ.Bùi Minh Trực, P.5, Q.8, Hồ Chí Minh",1,1,1,1,2.0
213,406889,39.0,39.0,,,,,1.0,1.0,0,0,0,Bắc,Đ.D1,P.Tân Hưng,Q.7,1.7,43.5,bán căn hộ officetel chung cư florita - phường tân hưng - quận 7 - tầng thấp,"Đ.D1, P.Tân Hưng, Q.7, Hồ Chí Minh",1,1,0,0,2.0
215,346773,36.28,36.28,,,,,1.0,1.0,0,0,0,Bắc,Đ.Trần Hưng Đạo,P.10,Q.5,1.7,46.8,bán căn hộ chung cư cũ trần hưng đạo quận 5,"Đ.Trần Hưng Đạo, P.10, Q.5, Hồ Chí Minh",0,0,0,0,2.0
216,301433,42.0,42.0,,,,,1.0,1.0,0,0,0,Đ.Bắc,Đ.Gò Công,P.13,Q.5,1.7,40.4,bán căn hộ tập thể cư xá gò công quận 5,"Đ.Gò Công, P.13, Q.5, Hồ Chí Minh",0,0,0,0,2.0
217,275199,50.6,50.6,,,,,2.0,1.0,0,0,0,,Đ.Lạc Long Quân,P.5,Q.11,1.7,33.5,"bán căn hộ chung cư lạc long quân quận 11 tầng 4, dt: 51m2, 2 phòng ngủ","Đ.Lạc Long Quân, P.5, Q.11, Hồ Chí Minh",1,0,1,0,2.0
218,397757,83.28,83.28,,,,,2.0,2.0,0,0,0,,Đ.Ba Tơ,P.7,Q.8,1.7,20.4,"bán căn hộ 2 phòng ngủ 83,28m2 chung cư c2 đường ba tơ phường 7 quận 8","Đ.Ba Tơ, P.7, Q.8, Hồ Chí Minh",1,1,1,1,2.0
225,407843,54.4,54.4,,,,,2.0,1.0,0,0,0,,Đ.Nguyễn Cửu Phú,P.Tân Tạo A,Q.Bình Tân,1.7,31.2,"bán căn hộ chung cư tecco town p. tân tạo a, bình tân - căn hộ tầng cao thông thoáng","Đ.Nguyễn Cửu Phú, P.Tân Tạo A, Q.Bình Tân, Hồ Chí Minh",1,1,0,0,2.0
231,386111,46.7,46.7,,,,,1.0,1.0,0,0,0,,Đ.Tô Hiệu,P.Hiệp Tân,Q.Tân Phú,1.7,36.4,bán căn góc 1 phòng ngủ chung cư 8x đầm sen quận tân phú,"Đ.Tô Hiệu, P.Hiệp Tân, Q.Tân Phú, Hồ Chí Minh",1,1,1,0,2.0
232,398213,35.0,35.0,,,,,1.0,1.0,0,0,0,,Đ.Tạ Quang Bửu,P.6,Q.8,1.7,48.5,bán căn hộ officetel chung cư the pegasuite phường 6 quận 8 - view quận 1,"Đ.Tạ Quang Bửu, P.6, Q.8, Hồ Chí Minh",1,1,0,0,2.0
234,405263,32.0,32.0,,,,,,1.0,0,0,0,,Đ.Mai Chí Thọ,P.An Phú,Q.2,1.7,53.1,bán căn hộ officetel tầng thấp lexington residence quận 2 mới đẹp,"Đ.Mai Chí Thọ, P.An Phú, Q.2, Hồ Chí Minh",0,0,0,0,2.0
235,267186,28.0,28.0,,,,,1.0,1.0,0,0,0,Nam,Đ.Nguyễn Xiển,P.Long Bình,Q.9,1.7,60.7,bán căn studio dự án vinhomes grand park phân khu origami phường long bình quận 9.,"Đ.Nguyễn Xiển, P.Long Bình, Q.9, Hồ Chí Minh",1,1,0,0,2.0
237,383040,57.0,57.0,,,,,2.0,1.0,0,0,0,T.Bắc,Đ.C4,P.Tây Thạnh,Q.Tân Phú,1.7,29.8,bán căn hộ 2pn chung cư tây thạnh lô d quận tân phú - sổ hồng chính chủ,"Đ.C4, P.Tây Thạnh, Q.Tân Phú, Hồ Chí Minh",1,1,1,0,2.0
238,401451,55.0,55.0,,,,,2.0,1.0,0,0,0,,Đ.Vườn Lài,P.Phú Thọ Hòa,Q.Tân Phú,1.7,30.9,bán căn hộ chung cư vườn lài  quận tân phú - gần trung tâm y tế quận tân phú,"Đ.Vườn Lài, P.Phú Thọ Hòa, Q.Tân Phú, Hồ Chí Minh",0,0,0,0,2.0
240,388831,65.0,65.0,,,,,1.0,1.0,0,0,0,Đông,Đ.Chu Văn An,P.2,Q.6,1.7,26.1,bán căn hộ chung cư đường chu văn an quận 6 - lầu 5,"Đ.Chu Văn An, P.2, Q.6, Hồ Chí Minh",1,1,1,0,2.0
241,395221,44.0,44.0,,,,,2.0,1.0,0,0,0,,Đ.Số 15,P.Tân Quy,Q.7,1.7,38.6,"bán căn hộ chung cư tân quy, 2 phòng ngủ , 1 wc, quận 7","Đ.Số 15, P.Tân Quy, Q.7, Hồ Chí Minh",0,0,0,0,2.0
244,413903,53.39,53.39,,,,,2.0,1.0,0,0,0,,Đ.số 23,P.Hiệp Bình Chánh,Q.Thủ Đức,1.7,31.8,"bán căn hộ 2 phòng ngủ chung cư hiệp bình chánh, quận thủ đức","Đ.số 23, P.Hiệp Bình Chánh, Q.Thủ Đức, Hồ Chí Minh",0,0,0,0,2.0
246,405526,66.5,66.5,,,,,2.0,2.0,0,0,0,,Đ.Nguyễn Văn Linh,X.Phong Phú,H.Bình Chánh,1.7,25.5,"chính chủ cần bán căn hộ chung cư conic- đình khiêm, sổ hồng chính chủ","Đ.Nguyễn Văn Linh, X.Phong Phú, H.Bình Chánh, Hồ Chí Minh",0,0,0,0,2.0
247,278124,32.64,32.64,,,,,1.0,1.0,0,0,0,Đ.Nam,Đ.Mai Chí Thọ,P.An Phú,Q.2,1.71,52.3,"cần bán căn officetel, nội thất trang bị đầy đủ, chung cư the sun avenue, quận 2.","Đ.Mai Chí Thọ, P.An Phú, Q.2, Hồ Chí Minh",1,1,1,1,2.0
248,377565,64.5,64.5,,,,,2.0,2.0,0,0,0,Đ.Bắc,Đ.Số 5,P.Bình Hưng Hòa,Q.Bình Tân,1.73,26.8,bán căn hộ 2 phòng ngủ chung cư gia phú quận bình tân,"Đ.Số 5, P.Bình Hưng Hòa, Q.Bình Tân, Hồ Chí Minh",1,1,1,0,2.0
249,277834,56.0,56.0,,,,,1.0,1.0,0,0,0,Tây,Đ.Phạm Đức Sơn,P.16,Q.8,1.73,30.8,bán căn hộ chung cư heaven riverview (mỹ phúc) phường 16 - quận 8,"Đ.Phạm Đức Sơn, P.16, Q.8, Hồ Chí Minh",1,1,1,1,2.0
251,415642,67.5,67.5,,,,,2.0,1.0,0,0,0,Bắc,Đ.An Dương Vương,P.An Lạc,Q.Bình Tân,1.73,25.6,bán căn hộ chung cư lê thành phường an lạc - quận bình tân,"Đ.An Dương Vương, P.An Lạc, Q.Bình Tân, Hồ Chí Minh",1,1,0,0,2.0
252,413311,84.6,84.6,,,,,2.0,2.0,0,0,0,,Đ.Lộ Tẻ,P.Tân Tạo,Q.Bình Tân,1.73,20.4,bán căn hộ chung cư vĩnh tường phường tân tạo a quận bình tân,"Đ.Lộ Tẻ, P.Tân Tạo, Q.Bình Tân, Hồ Chí Minh",0,0,0,0,2.0
253,346371,64.13,64.13,7.96,8.57,,,2.0,1.0,0,0,0,T.Bắc,Đ.QL1A Xa Lộ Đại Hàn,P.Tân Tạo,Q.Bình Tân,1.75,27.2,"bán căn hộ 2 phòng ngủ cực đẹp, mới 100% - chung cư tân mai, bình tân.","Đ.QL1A Xa Lộ Đại Hàn, P.Tân Tạo, Q.Bình Tân, Hồ Chí Minh",1,1,1,0,2.0
255,268305,65.0,65.0,,,,,2.0,2.0,0,0,0,Đ.Bắc,Đ.Đồng Văn Cống,P.Thạnh Mỹ Lợi,Q.2,1.75,26.9,"cần bán căn hộ 2 phòng ngủ, chung cư thạnh mỹ lợi, phường thạnh mỹ lợi, quận 2.","Đ.Đồng Văn Cống, P.Thạnh Mỹ Lợi, Q.2, Hồ Chí Minh",1,1,1,1,2.0
259,405689,46.1,46.1,,,,,2.0,1.0,0,0,0,Đông,Đ.Liên phường,P.Phú Hữu,Q.9,1.75,37.9," bán căn hộ 2 phòng ngủ, chung cư sky 9 apartments - phường phú hữu, quận 9, full nội thất, hướng đông","Đ.Liên phường, P.Phú Hữu, Q.9, Hồ Chí Minh",0,0,0,0,2.0
261,383259,51.0,51.0,,,,,2.0,1.0,0,0,0,T.Bắc,Đ.Khu dân cư Cát Lái,P.Cát Lái,Q.2,1.75,34.3,"bán căn hộ 2 phòng ngủ dự án citi home phường cát lái, quận 2-full nội thất, đã có sổ","Đ.Khu dân cư Cát Lái, P.Cát Lái, Q.2, Hồ Chí Minh",1,1,0,0,2.0
265,371377,52.0,52.0,,,,,1.0,1.0,0,0,0,,Đ.số 19,X.Phong Phú,H.Bình Chánh,1.75,33.6,"bán căn hộ chung cư lovera vista khu dân cư phong phú 4, xã phong phú, huyện bình chánh.","Đ.số 19, X.Phong Phú, H.Bình Chánh, Hồ Chí Minh",0,0,0,0,2.0
266,387236,54.0,54.0,,,,,1.0,1.0,0,0,0,,Đ.số 19,X.Phong Phú,H.Bình Chánh,1.75,32.4,bán căn hộ cao cấp 1pn tại chung cư lovera vista - bình chánh.,"Đ.số 19, X.Phong Phú, H.Bình Chánh, Hồ Chí Minh",1,1,1,1,2.0
267,254666,35.63,35.63,,,,,1.0,1.0,0,0,0,T.Nam,Đ.Mai Chí Thọ,P.An Phú,Q.2,1.75,49.1,"bán căn officetel chung cư the sun avenue, phường an phú, quận 2.","Đ.Mai Chí Thọ, P.An Phú, Q.2, Hồ Chí Minh",1,1,1,1,2.0
268,320892,59.7,59.7,,,,,2.0,1.0,0,0,0,Bắc,Đ.số 35 - CL,P.Cát Lái,Q.2,1.75,29.3,"cần bán căn hộ chung cư citi home cát lái, 2 phòng ngủ 1wc, tầng thấp, đầy đủ nội thất.","Đ.số 35 - CL, P.Cát Lái, Q.2, Hồ Chí Minh",0,0,1,1,2.0
270,351498,63.14,63.14,7.96,8.47,,,2.0,1.0,0,0,0,T.Bắc,Đ.QL1A Xa Lộ Đại Hàn,P.Tân Tạo,Q.Bình Tân,1.76,27.8,"bán căn hộ 2 phòng ngủ, căn góc chung cư tân mai, bình tân.","Đ.QL1A Xa Lộ Đại Hàn, P.Tân Tạo, Q.Bình Tân, Hồ Chí Minh",1,1,1,0,2.0
271,150268,34.93,34.93,,,,,1.0,1.0,0,0,0,T.Bắc,Đ.Mai Chí Thọ,P.An Phú,Q.2,1.78,50.9,"chính chủ bán căn hộ officetel nội thất cơ bản, chung cư lexington residence, phường an phú, quận 2.","Đ.Mai Chí Thọ, P.An Phú, Q.2, Hồ Chí Minh",1,1,1,1,2.0
272,375338,43.2,43.2,,,,,1.0,1.0,0,0,0,,Đ.Hồng Lạc,P.10,Q.Tân Bình,1.78,41.2,"chính chủ cần bán căn hộ chung cư bàu cát ii, đã có sổ hồng","Đ.Hồng Lạc, P.10, Q.Tân Bình, Hồ Chí Minh",0,0,0,0,2.0
273,329462,46.5,46.5,,,,,2.0,1.0,0,0,0,T.Nam,Đ.Đoàn Văn Bơ,P.12,Q.4,1.78,38.2,"bán căn hộ chung cư đoàn văn bơ, quận 4","Đ.Đoàn Văn Bơ, P.12, Q.4, Hồ Chí Minh",1,1,1,0,2.0
277,417045,34.9,34.9,,,,,1.0,1.0,0,0,0,Tây,Đ.Trần Bình Trọng,P.1,Q.5,1.8,51.5,bán căn hộ quận 5 - chung cư chợ quán - đã có sổ hồng - tầng cao view thoáng,"Đ.Trần Bình Trọng, P.1, Q.5, Hồ Chí Minh",1,1,1,1,2.0
279,368150,38.7,38.7,,,,,1.0,1.0,0,0,0,,Đ.Phạm Văn Đồng,P.13,Q.Bình Thạnh,1.8,46.5,bán căn hộ tầng thấp chung cư 548 phạm văn đồng,"Đ.Phạm Văn Đồng, P.13, Q.Bình Thạnh, Hồ Chí Minh",0,0,0,0,2.0
291,412506,65.0,65.0,,,,,2.0,2.0,0,0,0,,Đ.Thoại Ngọc Hầu,P.Hòa Thạnh,Q.Tân Phú,1.8,27.6,"bán căn hộ tầng cao chung cư sài gòn town ngay phường hòa thạnh, tân phú","Đ.Thoại Ngọc Hầu, P.Hòa Thạnh, Q.Tân Phú, Hồ Chí Minh",0,0,0,0,2.0
293,410233,58.75,58.75,,,,,2.0,1.0,0,0,0,Nam,Đ.Phạm Đức Sơn,P.16,Q.8,1.8,30.6,bán căn hộ chung cư heaven riverview (mỹ phúc) phường 16 - quận 8 ,"Đ.Phạm Đức Sơn, P.16, Q.8, Hồ Chí Minh",0,0,0,0,2.0
294,247675,46.61,46.61,,,,,2.0,2.0,0,0,0,,Đ.Nguyễn Chí Thanh,P.6,Q.10,1.8,38.6,bán căn hộ chung cư tập thể - tầng 3 - sổ hồng riêng chính chủ,"Đ.Nguyễn Chí Thanh, P.6, Q.10, Hồ Chí Minh",0,0,0,0,2.0
295,410051,51.9,51.9,,,,,2.0,1.0,0,0,0,,Đ.Trương Vĩnh Ký,P.Tân Sơn Nhì,Q.Tân Phú,1.8,34.6,căn hộ tầng thấp chung cư gò dầu 2 trung tâm quận tân phú,"Đ.Trương Vĩnh Ký, P.Tân Sơn Nhì, Q.Tân Phú, Hồ Chí Minh",0,0,0,0,2.0
296,411331,71.74,71.74,,,,,2.0,1.0,0,0,0,,Đ.Võ Công Tồn,P.Tân Quý,Q.Tân Phú,1.8,25.0,căn hộ chung cư nhiêu lộc c phường tân quý quận tân phú,"Đ.Võ Công Tồn, P.Tân Quý, Q.Tân Phú, Hồ Chí Minh",0,0,0,0,2.0
297,401617,44.3,44.3,,,,,1.0,1.0,0,0,0,,Đ.Bùi Minh Trực,P.5,Q.8,1.8,40.6,bán căn hộ chung cư bùi minh trực phường 5 - quận 8 ,"Đ.Bùi Minh Trực, P.5, Q.8, Hồ Chí Minh",1,1,0,0,2.0
298,413398,63.2,63.2,,,,,2.0,2.0,0,0,0,Bắc,Đ.Hồ Học Lãm,P.An Lạc,Q.Bình Tân,1.8,28.4,bán căn hộ chung cư ehome 3 quận bình tân- gần trường học và siêu thị,"Đ.Hồ Học Lãm, P.An Lạc, Q.Bình Tân, Hồ Chí Minh",1,1,1,0,2.0
299,222341,56.7,56.7,,,,,1.0,1.0,0,0,0,,Đ.Số 7,P.Tân Thuận Đông,Q.7,1.8,31.7,"bán căn hộ 56.7m2 1pn tầng áp mái chung cư an hòa 7 có tháng máy, quận 7","Đ.Số 7, P.Tân Thuận Đông, Q.7, Hồ Chí Minh",1,1,1,1,2.0
301,412344,65.3,65.3,,,,,2.0,1.0,0,0,0,,Đ.Cao Lỗ,P.4,Q.8,1.8,27.5,bán căn hộ 2 phòng ngủ chung cư đồng diều phường 4 quận 8,"Đ.Cao Lỗ, P.4, Q.8, Hồ Chí Minh",1,1,1,1,2.0
302,115677,71.2,71.2,,,,,2.0,2.0,0,0,0,,Đ.Số 57,P.Tân Tạo,Q.Bình Tân,1.8,25.2,bán căn hộ nhất lan p. tân tạo- bình tân,"Đ.Số 57, P.Tân Tạo, Q.Bình Tân, Hồ Chí Minh",0,0,0,0,2.0
307,409223,63.5,63.5,,,,,2.0,1.0,0,0,0,,Đ.Nam Hòa,P.Phước Long A,Q.9,1.8,28.3,bán căn hộ đầy đủ nội thất green buiding quận 9 - trung tâm thành phố thủ đức,"Đ.Nam Hòa, P.Phước Long A, Q.9, Hồ Chí Minh",0,0,0,0,2.0
308,419562,28.2,28.2,,,,,1.0,1.0,0,0,0,,Đ.Xuân Thủy,P.Thảo Điền,Q.2,1.8,63.8,bán căn hộ quận 2 - chung cư 64 xuân thủy - đã có sổ hồng - view thoáng mát,"Đ.Xuân Thủy, P.Thảo Điền, Q.2, Hồ Chí Minh",1,1,1,1,2.0
311,367062,27.2,27.2,,,,,1.0,1.0,0,0,0,,Đ.Tân Vĩnh,P.6,Q.4,1.8,66.1,"bán căn hộ 27,2m2 1 phòng ngủ chung cư phường 6 quận 4","Đ.Tân Vĩnh, P.6, Q.4, Hồ Chí Minh",1,1,1,1,2.0
312,402351,42.23,42.23,,,,,2.0,1.0,0,0,0,Tây,Đ.Phạm Vấn,P.Phú Thọ Hòa,Q.Tân Phú,1.8,42.6,bán căn hộ 2 phòng ngủ phường phú thọ hòa quận tân phú,"Đ.Phạm Vấn, P.Phú Thọ Hòa, Q.Tân Phú, Hồ Chí Minh",1,1,1,1,2.0
313,359165,44.82,44.82,,,,,1.0,1.0,0,0,0,Tây,Đ.Nguyễn Duy Trinh,P.Bình Trưng Tây,Q.2,1.8,40.1,"bán căn hộ officetel duplex 1 phòng ngủ, có lửng, chung cư la astoria 3, phường bình trưng tây, quận 2 ","Đ.Nguyễn Duy Trinh, P.Bình Trưng Tây, Q.2, Hồ Chí Minh",1,1,1,1,2.0
315,241639,60.12,60.12,,,,,3.0,2.0,0,0,0,Đ.Nam,Đ.Phan Văn Hớn,P.Tân Thới Nhất,Q.12,1.8,29.9,bán căn góc ở chung cư topaz home quận 12 - diện tích 60.12m2,"Đ.Phan Văn Hớn, P.Tân Thới Nhất, Q.12, Hồ Chí Minh",1,0,1,1,2.0
316,313032,34.69,34.69,,,,,1.0,1.0,0,0,0,T.Bắc,Đ.Mai Chí Thọ,P.An Phú,Q.2,1.8,51.8,bán căn hộ officetel chung cư the sun avenue quận 2,"Đ.Mai Chí Thọ, P.An Phú, Q.2, Hồ Chí Minh",1,1,1,1,2.0
317,320975,34.68,34.68,,,,,1.0,1.0,0,0,0,T.Bắc,Đ.Mai Chí Thọ,P.An Phú,Q.2,1.8,51.9,"cần bán căn officetel, chung cư the sun avenue, quận 2","Đ.Mai Chí Thọ, P.An Phú, Q.2, Hồ Chí Minh",1,1,1,1,2.0
318,398627,35.0,35.0,,,,,2.0,1.0,0,0,0,,Đ.Huỳnh Tấn Phát,P.Phú Thuận,Q.7,1.8,51.4,bán căn hộ officetel chung cư d- vela huỳnh tấn phát quận 7 - căn hộ đầy đủ nội thất,"Đ.Huỳnh Tấn Phát, P.Phú Thuận, Q.7, Hồ Chí Minh",1,1,0,0,2.0
319,402796,63.7,63.7,8.0,7.8,,,2.0,2.0,0,0,0,Đ.Nam,Đ.D31,P.Phước Long B,Q.9,1.82,28.5,bán căn hộ 2 phòng ngủ chung cư phố đông - hoa sen apartment phường phước long b quận 9 ,"Đ.D31, P.Phước Long B, Q.9, Hồ Chí Minh",0,0,0,0,2.0
320,391189,55.0,55.0,,,,,2.0,1.0,0,0,0,Đông,Đ.Phạm Đức Sơn,P.16,Q.8,1.82,33.0,bán căn hộ 2 phòng ngủ 55m2 chung cư heaven riverview (mỹ phúc) phường 16 - quận 8 ,"Đ.Phạm Đức Sơn, P.16, Q.8, Hồ Chí Minh",1,1,1,1,2.0
321,404365,70.8,70.8,,,,,1.0,1.0,0,0,0,,Đ.Kinh Dương Vương,P.13,Q.6,1.82,25.7,"bán căn hộ chung cư 78 kinh dương vương, phường 13, quận 6","Đ.Kinh Dương Vương, P.13, Q.6, Hồ Chí Minh",1,1,0,0,2.0
322,407942,65.3,65.3,,,,,2.0,1.0,0,0,0,Đông,Đ.Tạ Quang Bửu,P.4,Q.8,1.82,27.8,"bán căn hộ chung cư investo đồng diều, 2pn, p. 4, q. 8 - gần ngay chợ tạ quang bửu","Đ.Tạ Quang Bửu, P.4, Q.8, Hồ Chí Minh",0,0,0,0,2.0
324,326780,69.5,69.5,,,,,2.0,2.0,0,0,0,T.Nam,Đ.Nguyễn Văn Linh,X.Phong Phú,H.Bình Chánh,1.84,26.4,bán căn hộ chung cư conic skyway residence tầng cao xã phong phú huyện bình chánh - sổ hồng riêng chính chủ,"Đ.Nguyễn Văn Linh, X.Phong Phú, H.Bình Chánh, Hồ Chí Minh",0,0,1,1,2.0
325,402065,63.2,63.2,,,,,2.0,2.0,0,0,0,Đ.Nam,Đ.Phạm Văn Chiêu,P.14,Q.Gò Vấp,1.85,29.2,"bán căn hộ thiết kế sang trọng i-home quận gò vấp - view đẹp , thoáng mát","Đ.Phạm Văn Chiêu, P.14, Q.Gò Vấp, Hồ Chí Minh",1,1,0,0,2.0
326,336616,72.4,72.4,,,,,2.0,2.0,0,0,0,,Đ.Số 54,P.Tân Tạo,Q.Bình Tân,1.85,25.5,"cần bán căn hộ cao cấp nhất lan 2, tầng cao, nhiều tiện ích","Đ.Số 54, P.Tân Tạo, Q.Bình Tân, Hồ Chí Minh",0,0,0,0,2.0
327,411360,35.58,35.58,,,,,,1.0,0,0,0,,Đ.Nguyễn Hữu Cảnh,P.22,Q.Bình Thạnh,1.85,51.9,bán căn hộ officetel quận bình thạnh - chung cư the manor - tầng cao view đẹp,"Đ.Nguyễn Hữu Cảnh, P.22, Q.Bình Thạnh, Hồ Chí Minh",1,1,1,0,2.0
329,391783,37.07,37.07,,,,,2.0,1.0,0,0,0,Nam,Đ.Trang Tử,P.14,Q.5,1.85,49.9,bán căn hộ chung cư trung tâm quận 5 - gần chợ kim biên,"Đ.Trang Tử, P.14, Q.5, Hồ Chí Minh",0,0,0,0,2.0
330,366325,44.2,44.2,,,,,1.0,1.0,0,0,0,,Đ.Số 45,P.6,Q.4,1.85,41.8,bán căn hộ chung cư c2 phường 6 quận 4 - nội thất như hình ,"Đ.Số 45, P.6, Q.4, Hồ Chí Minh",1,1,1,1,2.0
332,396720,72.6,72.6,,,,,2.0,2.0,0,0,0,,Đ.Quốc Lộ 1A,P.Trung Mỹ Tây,Q.12,1.85,25.4,bán căn hộ cao cấp 2pn sang trọng tại chung cư besco an sương - quận 12,"Đ.Quốc Lộ 1A, P.Trung Mỹ Tây, Q.12, Hồ Chí Minh",1,1,1,1,2.0
333,418064,76.9,76.9,,,,,2.0,1.0,0,0,0,Bắc,Đ.Số 10,P.13,Q.6,1.85,24.0,bán căn hộ quận 6 - chung cư 78 kinh dương vương - đã có sổ hồng - tầng trung view thoáng,"Đ.Số 10, P.13, Q.6, Hồ Chí Minh",1,1,1,0,2.0
334,398564,76.9,76.9,,,,,2.0,1.0,0,0,0,,Đ.Kinh Dương Vương,P.13,Q.6,1.85,24.0,"bán căn hộ tầng 4 chung cư 78 kinh dương vương, phường 13, quận 6","Đ.Kinh Dương Vương, P.13, Q.6, Hồ Chí Minh",0,0,0,0,2.0
336,380216,93.2,93.2,,,,,3.0,2.0,0,0,0,,Đ.Huỳnh Tấn Phát,Thị trấn Nhà Bè,H.Nhà Bè,1.85,19.8,"bán căn hộ sài gòn mới, đường huỳnh tấn phát, huyện nhà b","Đ.Huỳnh Tấn Phát, Thị trấn Nhà Bè, H.Nhà Bè, Hồ Chí Minh",1,1,0,0,2.0
342,359507,66.6,66.6,,,,,2.0,2.0,0,0,0,,Đ.Nguyễn Văn Linh,X.Phong Phú,H.Bình Chánh,1.85,27.7,bán căn hộ cao cấp 2pn tại chung cư conic đình khiêm - bình chánh.,"Đ.Nguyễn Văn Linh, X.Phong Phú, H.Bình Chánh, Hồ Chí Minh",1,1,1,1,2.0
343,413935,60.45,60.45,,,,,2.0,2.0,0,0,0,,Đ.Cây Keo,P.Tam Phú,Q.Thủ Đức,1.85,30.6,bán căn hộ 2 phòng ngủ chung cư đạt gia quận thủ đức,"Đ.Cây Keo, P.Tam Phú, Q.Thủ Đức, Hồ Chí Minh",0,0,0,0,2.0
344,409200,67.0,67.0,,,,,2.0,1.0,0,0,0,,Đ.Nam Hòa,P.Phước Long A,Q.9,1.85,27.6,bán căn hộ đầy đủ nội thất green buiding trung tâm thành phố thủ đức,"Đ.Nam Hòa, P.Phước Long A, Q.9, Hồ Chí Minh",0,0,0,0,2.0
345,396646,32.0,32.0,,,,,1.0,1.0,0,0,0,,Đ.Số 9A,X.Bình Hưng,H.Bình Chánh,1.85,57.8,bán căn góc officetel 32m2 tại chung cư saigon mia - bình chánh,"Đ.Số 9A, X.Bình Hưng, H.Bình Chánh, Hồ Chí Minh",1,1,1,0,2.0
347,408551,55.8,55.8,,,,,2.0,2.0,0,0,0,T.Bắc,Đ.Số 30,P.Linh Đông,Q.Thủ Đức,1.85,33.1,"chính chủ bán gấp căn hộ 2 phòng ngủ, thuộc chung cư 4s linh đông, thành phố thủ đức","Đ.Số 30, P.Linh Đông, Q.Thủ Đức, Hồ Chí Minh",1,1,0,0,2.0
350,388495,39.0,39.0,,,,,1.0,1.0,0,0,0,,Đ.Nguyễn Hữu Thọ,P.Tân Hưng,Q.7,1.85,47.4,"bán căn hộ offitcetel sunrise cityview 39m2, 1pn- phường tân hưng - quận 7","Đ.Nguyễn Hữu Thọ, P.Tân Hưng, Q.7, Hồ Chí Minh",1,1,0,0,2.0
351,385901,93.2,93.2,,,,,3.0,2.0,0,0,0,,Đ.Huỳnh Tấn Phát,Thị trấn Nhà Bè,H.Nhà Bè,1.85,19.8,"bán căn hộ sài gòn mới 3pn, 93m2 -  đường huỳnh tấn phát huyện nhà bè - khu dân cư tri thức, an ninh, yên tĩnh","Đ.Huỳnh Tấn Phát, Thị trấn Nhà Bè, H.Nhà Bè, Hồ Chí Minh",1,1,1,1,2.0
352,405077,69.1,69.1,,,,,2.0,2.0,0,0,0,,Đ.Nguyễn Văn Linh,X.Phong Phú,H.Bình Chánh,1.85,26.7,"bán căn hộ tầng trung terra rosa kdc 13e, xã phong phú, bình chánh - thích hợp ở ngay","Đ.Nguyễn Văn Linh, X.Phong Phú, H.Bình Chánh, Hồ Chí Minh",0,0,1,1,2.0
353,343113,30.0,30.0,,,,,1.0,1.0,0,0,0,,Đ.Nguyễn Công Trứ,P.Nguyễn Thái Bình,Q.1,1.85,61.6,bán gấp căn hộ tầng 1 chung cư nguyễn công trứ quận 1,"Đ.Nguyễn Công Trứ, P.Nguyễn Thái Bình, Q.1, Hồ Chí Minh",0,0,0,0,2.0
355,366120,89.0,89.0,,,,,2.0,2.0,0,0,0,Đ.Bắc,Đ.Lộ Tẻ,P.Tân Tạo A,Q.Bình Tân,1.85,20.7,bán căn hộ chung cư tân tạo vĩnh tường - quận bình tân,"Đ.Lộ Tẻ, P.Tân Tạo A, Q.Bình Tân, Hồ Chí Minh",0,0,0,0,2.0
356,298924,45.27,45.27,,,,,,2.0,0,0,0,,Đ.Nguyễn Duy Trinh,P.Bình Trưng Tây,Q.2,1.85,40.8,"cần bán shop thương mại, chung cư la astoria, phường bình trưng tây, quận 2.","Đ.Nguyễn Duy Trinh, P.Bình Trưng Tây, Q.2, Hồ Chí Minh",1,1,1,1,2.0
357,407860,47.0,47.0,,,,,1.0,1.0,0,0,0,,Đ.Nguyễn Xiển,P.Long Thạnh Mỹ,Q.9,1.85,39.3,bán căn hộ chung cư vinhome grand park quận 9 - nhà mới - vào ở ngay,"Đ.Nguyễn Xiển, P.Long Thạnh Mỹ, Q.9, Hồ Chí Minh",1,1,1,0,2.0
358,328153,73.1,73.1,,,,,2.0,2.0,0,0,0,,Đ.Nguyễn Văn Linh,X.Phong Phú,H.Bình Chánh,1.85,25.3,"bán căn góc conic đình khiêm - khu dân cư conic phong phú, bình chánh.","Đ.Nguyễn Văn Linh, X.Phong Phú, H.Bình Chánh, Hồ Chí Minh",0,0,0,0,2.0
359,258044,31.41,31.41,,,,,1.0,1.0,0,0,0,Đ.Nam,Đ.Mai Chí Thọ,P.An Phú,Q.2,1.86,59.2,"bán căn officetel, chung cư the sun avenue, phường an phú, quận 2.","Đ.Mai Chí Thọ, P.An Phú, Q.2, Hồ Chí Minh",1,1,1,1,2.0
360,398799,67.21,67.21,,,,,2.0,2.0,0,0,0,,Đ.Nguyễn Lương Bằng,P.Phú Mỹ,Q.7,1.86,27.6,"bán căn hộ 2pn chung cư era town đức khải phường phú mỹ, quận 7 - nội thất đầy đủ, view sông","Đ.Nguyễn Lương Bằng, P.Phú Mỹ, Q.7, Hồ Chí Minh",1,1,0,0,2.0
362,221888,49.4,49.4,,,,,2.0,1.0,0,0,0,T.Bắc,Đ.Số 11,P.Trường Thọ,Q.Thủ Đức,1.88,38.0,"chính chủ bán căn hộ thuộc chung cư saigon metro park, phường trường thọ, quận thủ đức","Đ.Số 11, P.Trường Thọ, Q.Thủ Đức, Hồ Chí Minh",1,1,1,1,2.0
365,404702,53.0,53.0,,,,,2.0,1.0,0,0,0,,Đ.Lô A2,P.7,Q.8,1.89,35.6," bán căn hộ chung cư conic riverside - phường 7, quận 8","Đ.Lô A2, P.7, Q.8, Hồ Chí Minh",1,1,0,0,2.0
369,255385,65.0,65.0,,,,,2.0,2.0,0,0,0,,Đ.số 35 - CL,P.Cát Lái,Q.2,1.9,29.2,"cần bán căn hộ chung cư citi home, căn góc, nội thất cơ bản. ","Đ.số 35 - CL, P.Cát Lái, Q.2, Hồ Chí Minh",0,0,0,0,2.0
371,51472,50.0,50.0,12.5,4.0,,,2.0,1.0,0,0,0,T.Nam,Đ.Phùng Hưng,P.13,Q.5,1.9,38.0,"bán căn hộ chung cư quận 5 - tầng 4 - sổ hồng riêng chính chủ  - pháp lý minh bạch, rõ ràng","Đ.Phùng Hưng, P.13, Q.5, Hồ Chí Minh",1,1,0,0,2.0
372,396984,60.0,60.0,,,,,2.0,1.0,0,0,0,Đông,Đ.Số 3B,X.Phong Phú,H.Bình Chánh,1.9,31.6,bán căn hộ cao cấp 2pn tại chung cư conic garden - bình chánh.,"Đ.Số 3B, X.Phong Phú, H.Bình Chánh, Hồ Chí Minh",1,1,1,1,2.0
373,395953,38.0,38.0,,,,,1.0,1.0,0,0,0,,Đ.Nguyễn Hữu Thọ,P.Tân Hưng,Q.7,1.9,50.0,"bán căn hộ offitcetel sunrise cityview 38m2, 1pn-1wc - full nội thất - phường tân hưng - quận 7","Đ.Nguyễn Hữu Thọ, P.Tân Hưng, Q.7, Hồ Chí Minh",0,0,0,0,2.0
374,411361,33.33,33.33,,,,,,1.0,0,0,0,,Đ.Nguyễn Hữu Cảnh,P.22,Q.Bình Thạnh,1.9,57.0,bán căn hộ officetel quận bình thạnh - chung cư the manor - căn góc view đẹp,"Đ.Nguyễn Hữu Cảnh, P.22, Q.Bình Thạnh, Hồ Chí Minh",1,1,1,0,2.0
377,244552,77.4,77.4,,,,,3.0,2.0,0,0,0,,Đ.Số 14,P.Tân Thuận Đông,Q.7,1.9,24.5,bán căn hộ 3 phòng ngủ chung cư an hòa 2 quận 7,"Đ.Số 14, P.Tân Thuận Đông, Q.7, Hồ Chí Minh",1,1,1,1,2.0
379,390939,53.0,53.0,,,,,2.0,1.0,0,0,0,,Đ.số 19,X.Phong Phú,H.Bình Chánh,1.9,35.8,bán căn hộ cao cấp 2pn tại chung cư lovera vista - bình chánh,"Đ.số 19, X.Phong Phú, H.Bình Chánh, Hồ Chí Minh",1,1,0,0,2.0
381,116688,60.0,60.0,,,,,1.0,1.0,0,0,0,,Đ.Nguyễn Duy Trinh,P.Bình Trưng Tây,Q.2,1.9,31.6,"bán căn hộ chung cư la astoria 3 phường bình trưng tây, quận 2. giao dịch nhanh chóng, nhận nhà ngay.","Đ.Nguyễn Duy Trinh, P.Bình Trưng Tây, Q.2, Hồ Chí Minh",0,0,0,0,2.0
382,416930,33.1,33.1,,,,,1.0,1.0,0,0,0,T.Bắc,Đ.Nguyễn Xiển,P.Long Bình,Q.9,1.9,57.4,bán căn hộ chung cư dự án vinhome grand park quận 9,"Đ.Nguyễn Xiển, P.Long Bình, Q.9, Hồ Chí Minh",0,0,0,0,2.0
383,312679,92.7,92.7,,,,,3.0,2.0,0,0,0,Nam,Đ.Huỳnh Tấn Phát,P.Tân Thuận Đông,Q.7,1.9,20.4,bán căn hộ 3 phòng ngủ chung cư hoàng kim huỳnh tấn phát quận 7 ,"Đ.Huỳnh Tấn Phát, P.Tân Thuận Đông, Q.7, Hồ Chí Minh",1,1,1,1,2.0
384,254946,92.0,92.0,,,,,3.0,2.0,0,0,0,,Đ.số 45,P.14,Q.Gò Vấp,1.9,20.6,bán căn hộ khang gia quân gò vấp,"Đ.số 45, P.14, Q.Gò Vấp, Hồ Chí Minh",1,0,1,1,2.0
390,377686,51.0,51.0,,,,,1.0,1.0,0,0,0,Đông,Đ.Số 1,P.Trường Thọ,Q.Thủ Đức,1.9,37.2,bán căn hộ officetel lavita charm phường trường thọ thành phố thủ đức,"Đ.Số 1, P.Trường Thọ, Q.Thủ Đức, Hồ Chí Minh",0,0,0,0,2.0
391,389765,83.0,83.0,,,,,2.0,2.0,0,0,0,Đ.Bắc,Đ.Nguyễn Văn Linh,X.Phong Phú,H.Bình Chánh,1.9,22.8,bán căn hộ cao cấp và sang trọng tại the mansion - bình chánh,"Đ.Nguyễn Văn Linh, X.Phong Phú, H.Bình Chánh, Hồ Chí Minh",1,1,1,1,2.0
392,401720,64.68,64.68,,,,,2.0,2.0,0,0,0,,Đ.Võ Văn Kiệt,P.16,Q.8,1.9,29.3,"bán căn hộ 2 phòng ngủ dự án dream home riverside phường 16, quận 8","Đ.Võ Văn Kiệt, P.16, Q.8, Hồ Chí Minh",1,1,1,0,2.0
393,255489,39.52,39.52,,,,,1.0,1.0,0,0,0,T.Bắc,Đ.Mai Chí Thọ,P.An Phú,Q.2,1.9,48.0,"bán căn officetel, nội thất được trang bị đầy đủ, chung cư the sun avenue, phường an phú, quận 2","Đ.Mai Chí Thọ, P.An Phú, Q.2, Hồ Chí Minh",1,1,1,1,2.0
394,183484,34.38,34.38,,,,,1.0,1.0,0,0,0,Đ.Bắc,Đ.Mai Chí Thọ,P.An Phú,Q.2,1.9,55.2,"chủ bán căn officetel the sun avenue, phường an phú, quận 2.","Đ.Mai Chí Thọ, P.An Phú, Q.2, Hồ Chí Minh",1,1,1,1,2.0
395,219096,51.0,51.0,,,,,2.0,1.0,0,0,0,Đ.Nam,Đ.số 35 - CL,P.Cát Lái,Q.2,1.9,37.2,bán căn hộ chính chủ dự án citi soho phường cát lái quận 2.,"Đ.số 35 - CL, P.Cát Lái, Q.2, Hồ Chí Minh",1,1,0,1,2.0
396,413313,71.2,71.2,,,,,2.0,2.0,0,0,0,,Đ.Số 54,P.Tân Tạo,Q.Bình Tân,1.92,26.9,bán căn hộ chung cư nhất lan phường tân tạo quận bình tân,"Đ.Số 54, P.Tân Tạo, Q.Bình Tân, Hồ Chí Minh",0,0,0,0,2.0
397,395113,34.3,34.3,,,,,1.0,1.0,0,0,0,,Đ.Nguyễn Hữu Thọ,P.Tân Hưng,Q.7,1.92,55.9,bán căn hộ officetel sunrise city view phường tân hưng - quận 7,"Đ.Nguyễn Hữu Thọ, P.Tân Hưng, Q.7, Hồ Chí Minh",1,1,0,0,2.0
398,420150,48.7,48.7,,,,,1.0,1.0,0,0,0,Đ.Nam,Đ.Số 2,X.Phong Phú,H.Bình Chánh,1.92,39.4,bán căn hộ huyện bình chánh - chung cư lovera vista khang điền - đã có sổ hồng,"Đ.Số 2, X.Phong Phú, H.Bình Chánh, Hồ Chí Minh",1,1,0,1,2.0
399,240606,51.7,51.7,8.0,7.0,,,1.0,1.0,0,0,0,T.Nam,Đ.Nguyễn Xiển,P.Long Thạnh Mỹ,Q.9,1.92,37.1,bán căn hộ 1 phòng ngủ+ chung cư vinhomes grand park - view hướng tây nam,"Đ.Nguyễn Xiển, P.Long Thạnh Mỹ, Q.9, Hồ Chí Minh",0,0,1,0,2.0
401,348296,40.0,40.0,,,,,1.0,1.0,0,0,0,,Đ.Nguyễn Thái Bình,P.Nguyễn Thái Bình,Q.1,1.95,48.7,căn hộ có gác lửng trung tâm quận 1,"Đ.Nguyễn Thái Bình, P.Nguyễn Thái Bình, Q.1, Hồ Chí Minh",0,0,0,0,2.0
402,403903,54.7,54.7,,,,,2.0,2.0,0,0,0,,Đ.Nguyễn Thị Định,P.Cát Lái,Q.2,1.95,35.6,bán căn hộ city soho p. cát lát quận 2 - căn hộ góc - đầy đủ nội thất cao cấp,"Đ.Nguyễn Thị Định, P.Cát Lái, Q.2, Hồ Chí Minh",0,0,0,0,2.0
403,348173,56.0,56.0,,,,,2.0,1.0,0,0,0,Tây,Đ.Kinh Dương Vương,P.An Lạc,Q.Bình Tân,1.95,34.8,"bán căn hộ 2 phòng ngủ, chung cư imperial place, an lạc, bình tân - tầng 04","Đ.Kinh Dương Vương, P.An Lạc, Q.Bình Tân, Hồ Chí Minh",1,1,0,0,2.0
405,388588,79.2,79.2,,,,,3.0,1.0,0,0,0,T.Nam,Đ.Khuông Việt,P.Phú Trung,Q.Tân Phú,1.95,24.6,bán căn hộ 3pn chung cư huỳnh văn chính ii quận tân phú,"Đ.Khuông Việt, P.Phú Trung, Q.Tân Phú, Hồ Chí Minh",1,1,1,0,2.0
406,412724,48.0,48.0,,,,,1.0,1.0,0,0,0,,Đ.Ung Văn Khiêm,P.25,Q.Bình Thạnh,1.95,40.6,bán căn hộ chung cư thế kỷ 21 phường 25 quận bình thạnh,"Đ.Ung Văn Khiêm, P.25, Q.Bình Thạnh, Hồ Chí Minh",0,0,0,0,2.0
408,347243,69.0,69.0,,,,,3.0,2.0,0,0,0,Đông,Đ.Phan Văn Hớn,P.Tân Thới Nhất,Q.12,1.95,28.2,bán căn góc 3pn tại chung cư topaz home quận 12 - full nội thất - tầng 9,"Đ.Phan Văn Hớn, P.Tân Thới Nhất, Q.12, Hồ Chí Minh",1,1,1,1,2.0
409,410303,53.09,53.09,,,,,1.0,1.0,0,0,0,,Đ.D1,P.Phước Long B,Q.9,1.95,36.7,"chính chủ cần bán căn hộ flora fuji, phường phước long b, thành phố thủ đức.","Đ.D1, P.Phước Long B, Q.9, Hồ Chí Minh",1,1,0,0,2.0
410,172395,64.3,64.3,,,,,2.0,2.0,0,0,0,T.Nam,Đ.số 35 - CL,P.Cát Lái,Q.2,1.95,30.3,"cần bán gấp căn hộ 2 phòng ngủ dự án citihome phường cát lái, quận 2.","Đ.số 35 - CL, P.Cát Lái, Q.2, Hồ Chí Minh",1,1,0,0,2.0
411,390518,52.0,52.0,,,,,1.0,1.0,0,0,0,Bắc,Đ.số 19,X.Phong Phú,H.Bình Chánh,1.95,37.5,bán căn hộ cao cấp 1pn tại chung cư lovera vista - bình chánh.,"Đ.số 19, X.Phong Phú, H.Bình Chánh, Hồ Chí Minh",1,1,1,1,2.0
412,389213,48.57,48.57,,,,,1.0,1.0,0,0,0,,Đ.số 19,X.Phong Phú,H.Bình Chánh,1.95,40.1,bán căn hộ cao cấp 1pn tại chung cư lovera vista - bình chánh.,"Đ.số 19, X.Phong Phú, H.Bình Chánh, Hồ Chí Minh",1,1,1,1,2.0
413,386883,41.95,41.95,,,,,,,0,0,0,,Đ.Số 9A,X.Bình Hưng,H.Bình Chánh,1.95,46.4,bán căn hộ officetel 41.95m2 tại chung cư saigon mia - bình chánh,"Đ.Số 9A, X.Bình Hưng, H.Bình Chánh, Hồ Chí Minh",1,1,1,0,2.0
414,366361,36.0,36.0,,,,,1.0,1.0,0,0,0,,Đ.Phổ Quang,P.2,Q.Tân Bình,1.95,54.1,bán căn hộ officetel tầng cao sky center quận tân bình,"Đ.Phổ Quang, P.2, Q.Tân Bình, Hồ Chí Minh",0,0,0,0,2.0
415,246820,33.58,33.58,,,,,1.0,1.0,0,0,0,Đ.Bắc,Đ.Mai Chí Thọ,P.An Phú,Q.2,1.95,58.0,"cần bán căn officetel thô, chung cư the sun avenue, phường an phú, quận 2.","Đ.Mai Chí Thọ, P.An Phú, Q.2, Hồ Chí Minh",1,1,1,1,2.0
416,245527,34.02,34.02,,,,,1.0,1.0,0,0,0,Đ.Nam,Đ.Mai Chí Thọ,P.An Phú,Q.2,1.95,57.3,"bán căn officetel, chung cư the sun avenue, phường an phú, quận 2","Đ.Mai Chí Thọ, P.An Phú, Q.2, Hồ Chí Minh",1,1,1,1,2.0
417,267169,31.41,31.41,,,,,1.0,1.0,0,0,0,Đ.Nam,Đ.Mai Chí Thọ,P.An Phú,Q.2,1.95,62.0,"bán căn officetel, tầng cao view đẹp, chung cư the sun avenue, phường an phú, quận 2.","Đ.Mai Chí Thọ, P.An Phú, Q.2, Hồ Chí Minh",1,1,1,1,2.0
418,350156,53.3,53.3,,,,,1.0,1.0,0,0,0,Đông,Đ.Huỳnh Tấn Phát,P.Phú Thuận,Q.7,1.95,36.5,"d-vela bán căn hộ chung cư quận 7 - phường phú thuận - căn hộ 1 phòng ngủ, full nội thất.","Đ.Huỳnh Tấn Phát, P.Phú Thuận, Q.7, Hồ Chí Minh",0,0,0,0,2.0
422,368124,38.1,38.1,,,,,1.0,1.0,0,0,0,,Đ.Thái Thị Nhạn,P.10,Q.Tân Bình,1.95,51.1,bán căn hộ chung cư bàu cát 2 - block e - quận tân bình,"Đ.Thái Thị Nhạn, P.10, Q.Tân Bình, Hồ Chí Minh",0,0,0,0,2.0
424,391168,68.0,68.0,,,,,2.0,1.0,0,0,0,Đông,Đ.Phạm Đức Sơn,P.16,Q.8,1.95,28.6,bán căn hộ 2 phòng ngủ 68m2 chung cư heaven riverview (mỹ phúc) phường 16 - quận 8 ,"Đ.Phạm Đức Sơn, P.16, Q.8, Hồ Chí Minh",1,1,1,1,2.0
425,413660,77.89,77.89,,,,,3.0,2.0,0,0,0,,Đ.Trần Đại Nghĩa,P.Tân Tạo A,Q.Bình Tân,1.95,25.0,bán căn hộ 3 phòng ngủ chung cư vision quận bình tân ,"Đ.Trần Đại Nghĩa, P.Tân Tạo A, Q.Bình Tân, Hồ Chí Minh",1,1,1,1,2.0
427,384967,81.8,81.8,,,,,2.0,2.0,0,0,0,T.Nam,Đ.Nguyễn Cửu Phú,P.Tân Tạo A,Q.Bình Tân,1.95,23.8,bán căn hộ cao cấp tại tecco town quận bình tân,"Đ.Nguyễn Cửu Phú, P.Tân Tạo A, Q.Bình Tân, Hồ Chí Minh",0,0,0,0,2.0
431,413404,78.0,78.0,,,,,2.0,2.0,0,0,0,T.Nam,Đ.Lũy Bán Bích,P.Phú Thọ Hòa,Q.Tân Phú,1.95,25.0,"bán căn hộ cao ốc an bình phường phú thọ hòa quận tân phú - căn hộ góc, view thông thoáng","Đ.Lũy Bán Bích, P.Phú Thọ Hòa, Q.Tân Phú, Hồ Chí Minh",0,0,0,0,2.0
432,389977,51.0,51.0,,,,,2.0,1.0,0,0,0,,Đ.Bờ Bao Tân Thắng,P.Sơn Kỳ,Q.Tân Phú,1.95,38.2,bán căn hộ 2pn chung cư topaz celadon city quận tân phú,"Đ.Bờ Bao Tân Thắng, P.Sơn Kỳ, Q.Tân Phú, Hồ Chí Minh",1,1,0,0,2.0
433,148714,21.6,21.6,,,,,1.0,1.0,0,0,0,,Đ.Nguyễn Văn Thương,P.25,Q.Bình Thạnh,1.95,90.2,"bán căn hộ tầng 1, chung cư cũ 4/41 đường d1 ( phía sau tòa nhà pearl plaza)","Đ.Nguyễn Văn Thương, P.25, Q.Bình Thạnh, Hồ Chí Minh",1,0,1,0,2.0
434,413349,51.06,51.06,,,,,,1.0,0,0,0,,Đ.Huỳnh Tấn Phát,P.Bình Thuận,Q.7,1.95,38.1,bán căn hộ officetel tầng cao luxcity quận 7,"Đ.Huỳnh Tấn Phát, P.Bình Thuận, Q.7, Hồ Chí Minh",0,0,0,0,2.0
435,183112,45.0,45.0,,,,,1.0,1.0,0,0,0,Đông,Đ.Nguyễn Duy Trinh,P.Bình Trưng Tây,Q.2,1.95,43.3,"chủ bán căn la astoria 1 phòng ngủ, căn góc view đẹp, phường bình trưng tây, quận 2.","Đ.Nguyễn Duy Trinh, P.Bình Trưng Tây, Q.2, Hồ Chí Minh",1,1,1,1,2.0
436,405584,87.7,87.7,,,,,3.0,2.0,0,0,0,,Đ.Số 2,X.Phong Phú,H.Bình Chánh,1.95,22.2,căn hộ thoáng mát conic nội thất cơ bản,"Đ.Số 2, X.Phong Phú, H.Bình Chánh, Hồ Chí Minh",1,0,0,0,2.0
438,256825,46.5,46.5,7.0,6.8,,,1.0,1.0,0,0,0,Đ.Bắc,Đ.Nguyễn Xiển,P.Long Thạnh Mỹ,Q.9,1.95,41.9,bán căn hộ 1 phòng ngủ+ chung cư vinhomes grand park - view hướng đông bắc,"Đ.Nguyễn Xiển, P.Long Thạnh Mỹ, Q.9, Hồ Chí Minh",0,0,1,1,2.0
440,406846,49.0,49.0,,,,,1.0,1.0,0,0,0,,Đ.Nguyễn Xiển,P.Long Bình,Q.9,1.95,39.7,bán căn hộ tầng cao vinhomes grandpark quận 9,"Đ.Nguyễn Xiển, P.Long Bình, Q.9, Hồ Chí Minh",0,0,0,0,2.0
442,395125,34.0,34.0,,,,,1.0,1.0,0,0,0,,Đ.Phổ Quang,P.2,Q.Tân Bình,1.97,57.9,"chính chủ cần bán căn hộ officetel sky center, đang có hợp đồng thuê 8 triệu/ tháng","Đ.Phổ Quang, P.2, Q.Tân Bình, Hồ Chí Minh",0,0,0,0,2.0
443,382634,63.95,63.95,,,,,2.0,2.0,0,0,0,Đ.Nam,Đ.Tân Hương,P.Tân Quý,Q.Tân Phú,1.98,30.9,"bán căn góc 2 phòng ngủ chung cư tân hương tower quận tân phú - tầng cao, view đẹp","Đ.Tân Hương, P.Tân Quý, Q.Tân Phú, Hồ Chí Minh",1,1,1,0,2.0
444,412403,59.5,59.5,,,,,1.0,1.0,0,0,0,T.Nam,Đ.Nguyễn Duy Trinh,P.Bình Trưng Tây,Q.2,1.98,33.2,"bán căn hộ officetel dạng duplex 1 phòng ngủ, có lửng, chung cư la astoria 3, phường bình trưng tây, quận 2 ","Đ.Nguyễn Duy Trinh, P.Bình Trưng Tây, Q.2, Hồ Chí Minh",1,1,0,0,2.0
447,396504,27.0,27.0,,,,,1.0,1.0,0,0,0,,Đ.Bến Vân Đồn,P.6,Q.4,1.99,73.7,bán căn hộ officetel river gate quận 4 - đang cho thuê thu nhập 11 triệu/ tháng,"Đ.Bến Vân Đồn, P.6, Q.4, Hồ Chí Minh",1,1,1,1,2.0
451,410640,41.0,41.0,,,,,1.0,1.0,0,0,0,Nam,Đ.Nguyễn Thiện Thuật,P.1,Q.3,2.0,48.7,bán căn hộ lầu 1 lô c - chung cư nguyễn thiện thuật quận 3,"Đ.Nguyễn Thiện Thuật, P.1, Q.3, Hồ Chí Minh",0,0,0,0,2.0
452,349535,100.0,100.0,,,,,3.0,2.0,0,0,0,,Đ.Dương Quảng Hàm,P.7,Q.Gò Vấp,2.0,20.0,bán căn hộ 3 phòng ngủ 100m2 tại chung cư k26 - quận gò vấp,"Đ.Dương Quảng Hàm, P.7, Q.Gò Vấp, Hồ Chí Minh",1,1,1,1,2.0
455,224671,80.0,80.0,,,,,2.0,2.0,0,0,0,Đ.Nam,Đ.Trịnh Đình Trọng,P.Phú Trung,Q.Tân Phú,2.0,25.0,"bán căn hộ đại thành - quận tân phú, gần công viên đầm sen","Đ.Trịnh Đình Trọng, P.Phú Trung, Q.Tân Phú, Hồ Chí Minh",1,1,1,0,2.0
456,410307,73.2,73.2,,,,,2.0,2.0,0,0,0,Đ.Nam,Đ.số 35 - CL,P.Cát Lái,Q.2,2.0,27.3,"bán căn góc, chung cư citi home, p. cát lái, quận 2","Đ.số 35 - CL, P.Cát Lái, Q.2, Hồ Chí Minh",0,0,0,0,2.0
458,352652,90.0,90.0,10.0,6.0,,,1.0,1.0,0,0,0,Đ.Nam,Đ.Trần Bình Trọng,P.1,Q.5,2.0,22.2,bán căn hộ chung cư chợ quán quận 5 - đang cho thuê 5tr/tháng,"Đ.Trần Bình Trọng, P.1, Q.5, Hồ Chí Minh",0,0,0,0,2.0
461,396385,44.99,44.99,,,,,2.0,1.0,0,0,0,T.Nam,Đ.Số 11,P.Tam Bình,Q.Thủ Đức,2.0,44.4,"bán căn hộ 2 phòng ngủ, thuộc chung cư sài gòn avenue phường tam bình, quận thủ đức","Đ.Số 11, P.Tam Bình, Q.Thủ Đức, Hồ Chí Minh",1,1,0,0,2.0
466,291535,46.4,46.4,,,,,2.0,1.0,0,0,0,,Đ.Đinh Bộ Lĩnh,P.26,Q.Bình Thạnh,2.0,43.1,"chinh chủ bán chung cư 2h đinh bộ lĩnh 46m² 2 phòng ngủ,","Đ.Đinh Bộ Lĩnh, P.26, Q.Bình Thạnh, Hồ Chí Minh",0,0,0,0,2.0
467,303715,34.0,34.0,,,,,1.0,1.0,0,0,0,T.Bắc,Đ.Nguyễn Duy Trinh,P.Bình Trưng Tây,Q.2,2.0,58.8,"bán căn góc 1 phòng ngủ, có lửng, chung cư la astori, phường bình trưng tây, quận 2.","Đ.Nguyễn Duy Trinh, P.Bình Trưng Tây, Q.2, Hồ Chí Minh",1,1,1,1,2.0
469,274469,51.7,51.7,8.0,6.4,,,1.0,1.0,0,0,0,T.Nam,Đ.Nguyễn Xiển,P.Long Thạnh Mỹ,Q.9,2.0,38.6,bán căn hộ 1 phòng ngủ+ chung cư vinhomes grand park - view hướng tây nam,"Đ.Nguyễn Xiển, P.Long Thạnh Mỹ, Q.9, Hồ Chí Minh",0,0,1,1,2.0
470,396882,43.8,43.8,,,,,1.0,1.0,0,0,0,Đ.Nam,Đ.Nguyễn Xiển,P.Long Thạnh Mỹ,Q.9,2.0,45.6,bán căn hộ 1 phòng ngủ + chung cư vinhomes grand park - quận 9- full nội thất,"Đ.Nguyễn Xiển, P.Long Thạnh Mỹ, Q.9, Hồ Chí Minh",1,1,0,0,2.0
471,418326,64.0,64.0,,,,,2.0,2.0,0,0,0,,Đ.Số 57,P.14,Q.Gò Vấp,2.0,31.2,bán căn hộ quận gò vấp - chung cư dream home luxury - tặng full nội thất,"Đ.Số 57, P.14, Q.Gò Vấp, Hồ Chí Minh",1,1,0,1,2.0
472,148021,27.0,27.0,,,,,1.0,1.0,0,0,0,,Đ.Bến Vân Đồn,P.6,Q.4,2.0,74.0,bán căn hộ kiểu studio river gate quận 4,"Đ.Bến Vân Đồn, P.6, Q.4, Hồ Chí Minh",1,1,1,1,2.0
473,411253,66.02,66.02,,,,,2.0,1.0,0,0,0,,Đ.Lê Văn Khương,P.Hiệp Thành,Q.12,2.0,30.2,bán căn hộ cao cấp 2pn sang trọng tại chung cư hiệp thành city - the parkland - quận 12,"Đ.Lê Văn Khương, P.Hiệp Thành, Q.12, Hồ Chí Minh",0,0,0,0,2.0
474,378859,73.5,73.5,,,,,2.0,2.0,0,0,0,Bắc,Đ.Số 3,P.Bình Hưng Hòa B,Q.Bình Tân,2.0,27.2,bán căn hộ 2pn chung cư green town bình tân quận bình tân - sổ hồng chính chủ,"Đ.Số 3, P.Bình Hưng Hòa B, Q.Bình Tân, Hồ Chí Minh",1,1,1,0,2.0
475,383373,32.1,32.1,,,,,1.0,1.0,0,0,0,,Đ.Nguyễn Lương Bằng,P.Tân Phú,Q.7,2.0,62.3,bán căn hộ officetel chung cư golden king quận 7 - đầy đủ nội thất.,"Đ.Nguyễn Lương Bằng, P.Tân Phú, Q.7, Hồ Chí Minh",1,1,1,1,2.0
477,389692,38.38,38.38,,,,,1.0,1.0,0,0,0,,Đ.Bế Văn Cấm,P.Tân Kiểng,Q.7,2.0,52.1,bán căn hộ officetel chung cư m-one nam sài gòn - quận 7 - phường tân kiểng.,"Đ.Bế Văn Cấm, P.Tân Kiểng, Q.7, Hồ Chí Minh",1,1,1,1,2.0
480,410697,81.0,81.0,,,,,2.0,2.0,0,0,0,Đ.Nam,Đ.Bùi Tư Toàn,P.An Lạc,Q.Bình Tân,2.0,24.6,bán chung cư an lạc phường an lạc - quận bình tân,"Đ.Bùi Tư Toàn, P.An Lạc, Q.Bình Tân, Hồ Chí Minh",0,0,0,0,2.0
485,312530,36.8,36.8,,,,,1.0,1.0,0,0,0,Tây,Đ.Nguyễn Biểu,P.1,Q.5,2.0,54.3,bán căn hộ chung cư nguyễn biểu quận 5 - tầng 14,"Đ.Nguyễn Biểu, P.1, Q.5, Hồ Chí Minh",0,0,0,0,2.0
486,276101,30.5,30.5,,,,,,1.0,0,0,0,Đ.Nam,Đ.Nguyễn Xiển,P.Long Bình,Q.9,2.0,65.5,bán căn studio dự án vinhomes grand park phân khu origami phường long bình quận 9.,"Đ.Nguyễn Xiển, P.Long Bình, Q.9, Hồ Chí Minh",1,1,1,0,2.0
487,252166,32.09,32.09,,,,,1.0,1.0,0,0,0,Đ.Nam,Đ.Mai Chí Thọ,P.An Phú,Q.2,2.0,62.3,"bán căn officetel chung cư the sun avenue, phường an phú, quận 2","Đ.Mai Chí Thọ, P.An Phú, Q.2, Hồ Chí Minh",1,1,1,1,2.0
488,280214,32.64,32.64,,,,,1.0,1.0,0,0,0,Đ.Nam,Đ.Mai Chí Thọ,P.An Phú,Q.2,2.0,61.2,"cần bán căn officetel, nội thất văn phòng, chung cư the sun avenue, quận 2.","Đ.Mai Chí Thọ, P.An Phú, Q.2, Hồ Chí Minh",1,1,1,1,2.0
489,407570,44.9,44.9,,,,,2.0,1.0,0,0,0,T.Bắc,Đ.Phạm Vấn,P.Phú Thọ Hòa,Q.Tân Phú,2.02,44.9,bán căn hộ 2 phòng ngủ chung cư phạm vấn phường phú thọ hòa quận tân phú,"Đ.Phạm Vấn, P.Phú Thọ Hòa, Q.Tân Phú, Hồ Chí Minh",1,1,0,0,2.0
490,415007,54.0,54.0,,,,,2.0,1.0,0,0,0,T.Bắc,Đ.số 19,X.Phong Phú,H.Bình Chánh,2.02,37.4,bán căn chung cư lovera vista xã phong phú huyện bình chánh.,"Đ.số 19, X.Phong Phú, H.Bình Chánh, Hồ Chí Minh",0,0,0,0,2.0
493,399640,56.7,56.7,,,,,1.0,1.0,0,0,0,T.Nam,Đ.Gò Cát,P.Phú Hữu,Q.9,2.05,36.1,"bán căn hộ mới 1 phòng ngủ + của dự án ricca phường phú hữu, quận 9","Đ.Gò Cát, P.Phú Hữu, Q.9, Hồ Chí Minh",1,1,0,1,2.0
495,187351,50.17,50.17,,,,,1.0,1.0,0,0,0,Đ.Bắc,Đ.Nguyễn Duy Trinh,P.Bình Trưng Đông,Q.2,2.05,40.8,bán căn officetel dự án homyland 3 phường bình trưng đông quận 2.,"Đ.Nguyễn Duy Trinh, P.Bình Trưng Đông, Q.2, Hồ Chí Minh",1,1,0,1,2.0
496,312175,30.0,30.0,,,,,1.0,1.0,0,0,0,,Đ.Hồng Hà,P.9,Q.Phú Nhuận,2.05,68.3,bán căn hộ chung cư orchard parkview tầng thấp,"Đ.Hồng Hà, P.9, Q.Phú Nhuận, Hồ Chí Minh",1,0,1,0,2.0
498,408684,53.4,53.4,,,,,2.0,1.0,0,0,0,Đ.Nam,Đ.số 20,P.5,Q.Gò Vấp,2.05,38.3,"bán căn hộ quận gò vấp - chung cư hà kiều - view đẹp, thoáng mát - đầy đủ tiện ích","Đ.số 20, P.5, Q.Gò Vấp, Hồ Chí Minh",1,1,1,1,2.0
501,409906,51.55,51.55,,,,,2.0,1.0,0,0,0,Đ.Nam,Đ.Cao Lỗ,P.4,Q.8,2.05,39.7,bán căn hộ 2 phòng ngủ chung cư topaz city phường 4 quận 8 ,"Đ.Cao Lỗ, P.4, Q.8, Hồ Chí Minh",1,1,0,0,2.0
505,355770,27.6,55.2,9.47,2.61,3.57,,2.0,2.0,1,0,0,T.Nam,Đ.Phạm Thế Hiển,P.4,Q.8,2.05,74.2,bán căn góc 2 mặt hẻm ba gác phường 4 quận 8 - sổ hồng riêng chính chủ,"Đ.Phạm Thế Hiển, P.4, Q.8, Hồ Chí Minh",0,0,0,0,2.0
507,276700,53.28,53.28,8.0,5.9,,,2.0,1.0,0,0,0,T.Nam,Đ.Xa Lộ Hà Nội,P.Hiệp Phú,Q.9,2.05,38.4,bán căn hộ chung cư sài gòn gateway- view hướng tây nam,"Đ.Xa Lộ Hà Nội, P.Hiệp Phú, Q.9, Hồ Chí Minh",0,0,1,1,2.0
508,251994,31.28,31.28,,,,,1.0,1.0,0,0,0,T.Nam,Đ.Mai Chí Thọ,P.An Phú,Q.2,2.05,65.5,"bán căn officetel chung cư the sun avenue, phường an phú, quận 2","Đ.Mai Chí Thọ, P.An Phú, Q.2, Hồ Chí Minh",1,1,1,1,2.0
509,383883,43.3,43.3,,,,,1.0,1.0,0,0,0,T.Bắc,Đ.Nguyễn Xiển,P.Long Thạnh Mỹ,Q.9,2.05,47.3,bán căn hộ 1 phòng ngủ chung cư vinhomes grand park - quận 9.,"Đ.Nguyễn Xiển, P.Long Thạnh Mỹ, Q.9, Hồ Chí Minh",1,1,0,1,2.0
510,274185,28.64,28.64,,,,,1.0,1.0,0,0,0,,Đ.Võ Văn Kiệt,P.3,Q.6,2.05,71.5,"bán căn hộ shophouse chung cư viva riverside quận 6 - tầng 3, 29m2, 1pn 1wc","Đ.Võ Văn Kiệt, P.3, Q.6, Hồ Chí Minh",1,1,1,0,2.0
511,316167,35.7,35.7,,,,,1.0,1.0,0,0,0,T.Nam,Đ.Mai Chí Thọ,P.An Phú,Q.2,2.05,57.4,"bán căn officetel chung cư the sun avenue, phường an phú, quận 2","Đ.Mai Chí Thọ, P.An Phú, Q.2, Hồ Chí Minh",1,1,1,1,2.0
512,410421,73.0,73.0,,,,,2.0,2.0,0,0,0,Đ.Bắc,Đ.Võ Văn Kiệt,P.16,Q.8,2.06,28.2,bán căn hộ chung cư city gate quận 8 - tầng 27 - căn góc view hồ bơi,"Đ.Võ Văn Kiệt, P.16, Q.8, Hồ Chí Minh",1,1,1,1,2.0
513,403006,66.2,66.2,,,,,2.0,2.0,0,0,0,Nam,Đ.Gò Dưa,P.Hiệp Bình Phước,Q.Thủ Đức,2.07,31.2,"bán căn hộ chung cư sunview town gò dưa, hiệp bình phước, thủ đức.","Đ.Gò Dưa, P.Hiệp Bình Phước, Q.Thủ Đức, Hồ Chí Minh",0,0,0,0,2.0
514,385008,61.17,61.17,,,,,2.0,2.0,0,0,0,,Đ.số 19,X.Phong Phú,H.Bình Chánh,2.08,34.0,bán căn hộ cao cấp 2pn tại chung cư lovera vista - bình chánh.,"Đ.số 19, X.Phong Phú, H.Bình Chánh, Hồ Chí Minh",1,1,0,0,2.0
523,270347,71.7,71.7,,,,,2.0,2.0,0,0,0,Tây,Đ.An Dương Vương,P.16,Q.8,2.1,29.2,bán căn hộ chung cư an dương vương - điện lực phường 16 quận 8 - sổ hồng riêng chính chủ,"Đ.An Dương Vương, P.16, Q.8, Hồ Chí Minh",1,1,1,1,2.0
527,397040,81.0,81.0,,,,,2.0,2.0,0,0,0,Đ.Nam,Đ.Nguyễn Cửu Phú,P.Tân Tạo A,Q.Bình Tân,2.1,25.9,bán căn hộ chung cư tecco town nguyễn cửu phú - quận bình tân,"Đ.Nguyễn Cửu Phú, P.Tân Tạo A, Q.Bình Tân, Hồ Chí Minh",0,0,0,0,2.0
529,412891,53.6,53.6,,,,,1.0,1.0,0,0,0,Tây,Đ.Gò Cát,P.Phú Hữu,Q.9,2.1,39.1,"bán căn hộ ricca, phường phú hữu quận 9","Đ.Gò Cát, P.Phú Hữu, Q.9, Hồ Chí Minh",0,0,0,0,2.0
533,402123,54.0,54.0,,,,,1.0,1.0,0,0,0,,Đ.Nguyễn Lương Bằng,P.Phú Mỹ,Q.7,2.1,38.8,bán căn hộ chung cư quận 7 boulevard -diện tích 54m2 - tầng 22 cao nhất,"Đ.Nguyễn Lương Bằng, P.Phú Mỹ, Q.7, Hồ Chí Minh",0,0,1,0,2.0
538,259770,49.3,49.3,,,,,1.0,1.0,0,0,0,T.Bắc,Đ.Số 69,P.Cát Lái,Q.2,2.1,42.5,"bán căn hộ lửng duplex citi alto, phường cát lái, quận 2.","Đ.Số 69, P.Cát Lái, Q.2, Hồ Chí Minh",0,0,0,0,2.0
540,383578,74.24,74.24,,,,,3.0,2.0,0,0,0,,Đ.Liên phường,P.Phú Hữu,Q.9,2.1,28.2,"bán căn hộ chung cư sky 9 - phường phú hữu - quận 9-căn góc, view thoáng.","Đ.Liên phường, P.Phú Hữu, Q.9, Hồ Chí Minh",1,1,0,0,2.0
541,190285,54.4,54.4,,,,,2.0,2.0,0,0,0,T.Bắc,Đ.số 35 - CL,P.Cát Lái,Q.2,2.1,38.6,bán căn hộ 2 phòng ngủ dự án citisoho phường cát lái quận 2.,"Đ.số 35 - CL, P.Cát Lái, Q.2, Hồ Chí Minh",1,1,0,1,2.0
542,274331,28.64,28.64,,,,,1.0,1.0,0,0,0,,Đ.Võ Văn Kiệt,P.3,Q.6,2.1,73.3,bán căn hộ shophouse chung cư viva riverside quận 6 - gần chợ và siêu thị,"Đ.Võ Văn Kiệt, P.3, Q.6, Hồ Chí Minh",1,1,1,0,2.0
543,393511,90.34,90.34,,,,,3.0,2.0,0,0,0,,Đ.Nguyễn Lương Bằng,P.Phú Mỹ,Q.7,2.1,23.2,"bán căn hộ 3 phòng ngủ, 2wc, chung cư the era town đức khải, phường phú mỹ quận 7","Đ.Nguyễn Lương Bằng, P.Phú Mỹ, Q.7, Hồ Chí Minh",0,0,0,0,2.0
545,383374,32.18,32.18,,,,,1.0,1.0,0,0,0,,Đ.Nguyễn Lương Bằng,P.Tân Phú,Q.7,2.1,65.2,bán căn hộ officetel chung cư golden king quận 7 - đầy đủ nội thất.,"Đ.Nguyễn Lương Bằng, P.Tân Phú, Q.7, Hồ Chí Minh",1,1,1,1,2.0
548,383777,60.8,60.8,,,,,2.0,1.0,0,0,0,Tây,Đ.Số 16,P.Linh Trung,Q.Thủ Đức,2.1,34.5,bán căn hộ 2 phòng ngủ thuộc chung cư linh trung thành phố thủ đức.,"Đ.Số 16, P.Linh Trung, Q.Thủ Đức, Hồ Chí Minh",1,1,0,0,2.0
549,311369,70.0,70.0,,,,,2.0,2.0,0,0,0,,Đ.Hương Lộ 2,P.Bình Trị Đông A,Q.Bình Tân,2.1,30.0,bán căn hộ 2 phòng ngủ tại sài gòn home quận bình tân,"Đ.Hương Lộ 2, P.Bình Trị Đông A, Q.Bình Tân, Hồ Chí Minh",1,1,0,0,2.0
550,340832,64.06,64.06,,,,,2.0,2.0,0,0,0,,Đ.Hương Lộ 2,P.Bình Trị Đông A,Q.Bình Tân,2.1,32.7,bán căn hộ 2pn chung cư sài gòn home quận bình tân - căn hộ mới sang trọng,"Đ.Hương Lộ 2, P.Bình Trị Đông A, Q.Bình Tân, Hồ Chí Minh",1,1,1,0,2.0
551,239397,65.0,65.0,,,,,2.0,2.0,0,0,0,Đ.Nam,Đ.số 35 - CL,P.Cát Lái,Q.2,2.1,32.3,"cần bán căn hộ chung cư citi home, quận 2.","Đ.số 35 - CL, P.Cát Lái, Q.2, Hồ Chí Minh",0,0,0,0,2.0
552,394129,58.0,58.0,,,,,2.0,1.0,0,0,0,,Đ.Nguyễn Hữu Thọ,X.Phước Kiển,H.Nhà Bè,2.1,36.2,"bán căn hộ 2 phòng ngủ, 1 wc the park residence đường nguyễn hữu thọ xã phước kiển huyện nhà bè","Đ.Nguyễn Hữu Thọ, X.Phước Kiển, H.Nhà Bè, Hồ Chí Minh",0,0,0,0,2.0
554,383644,54.8,54.8,,,,,2.0,2.0,0,0,0,,Đ.Nguyễn Thị Định,P.Cát Lái,Q.2,2.1,38.3,căn hộ mới bàn giao citiesto quận 2 thành phố thủ đức,"Đ.Nguyễn Thị Định, P.Cát Lái, Q.2, Hồ Chí Minh",0,0,0,0,2.0
556,366339,45.0,45.0,,,,,1.0,1.0,0,0,0,,Đ.Xô Viết Nghệ Tĩnh,P.21,Q.Bình Thạnh,2.1,46.6,bán căn hộ chung cư mỹ đức phường 21 quận bình thạnh,"Đ.Xô Viết Nghệ Tĩnh, P.21, Q.Bình Thạnh, Hồ Chí Minh",0,0,0,0,2.0
560,151762,60.92,60.92,,,,,2.0,2.0,0,0,0,Đông,Đ.Bình Chiểu,P.Bình Chiểu,Q.Thủ Đức,2.1,34.4,"bán căn góc thuộc chung cư stown, phường bình chiểu, quận thủ đức","Đ.Bình Chiểu, P.Bình Chiểu, Q.Thủ Đức, Hồ Chí Minh",1,1,1,1,2.0
561,408063,64.0,64.0,,,,,2.0,2.0,0,0,0,Đ.Nam,Đ.Số 59,P.14,Q.Gò Vấp,2.1,32.8,"bán căn hộ cao cấp, chung cư dream home luxury, 2pn, p.14, quận gò vấp - giá bán còn thương lượng","Đ.Số 59, P.14, Q.Gò Vấp, Hồ Chí Minh",0,0,0,0,2.0
562,379700,69.0,69.0,,,,,3.0,2.0,0,0,0,,Đ.Phan Văn Hớn,P.Tân Thới Nhất,Q.12,2.1,30.4,bán căn hộ cao cấp 3pn sang trọng tại chung cư topaz home - quận 12 ,"Đ.Phan Văn Hớn, P.Tân Thới Nhất, Q.12, Hồ Chí Minh",1,1,1,1,2.0
563,333073,59.1,59.1,8.0,7.4,,,2.0,1.0,0,0,0,Đ.Nam,Đ.Nguyễn Xiển,P.Long Thạnh Mỹ,Q.9,2.1,35.5,bán căn hộ 2 phòng ngủ dự án vinhomes grand park phường long thạnh mỹ tp thủ đức.,"Đ.Nguyễn Xiển, P.Long Thạnh Mỹ, Q.9, Hồ Chí Minh",0,0,1,1,2.0
564,249441,37.56,37.56,,,,,1.0,1.0,0,0,0,Đ.Bắc,Đ.Mai Chí Thọ,P.An Phú,Q.2,2.1,55.9,"bán căn officetel, nội thất tiện nghi, chung cư the sun avenue, phường an phú, quận 2.","Đ.Mai Chí Thọ, P.An Phú, Q.2, Hồ Chí Minh",1,1,1,1,2.0
566,385402,68.4,68.4,,,,,2.0,2.0,0,0,0,,Đ.DD2,P.Tân Hưng Thuận,Q.12,2.15,31.4,bán căn hộ 2 phòng ngủ sang trọng tại chung cư an sương - quận 12,"Đ.DD2, P.Tân Hưng Thuận, Q.12, Hồ Chí Minh",1,1,1,1,2.0
567,375988,68.85,68.85,,,,,2.0,2.0,0,0,0,,Đ.Số 3,P.Bình Hưng Hòa B,Q.Bình Tân,2.15,31.2,bán căn hộ 2pn chung cư green tow quận bình tân - căn hộ sắp bàn giao,"Đ.Số 3, P.Bình Hưng Hòa B, Q.Bình Tân, Hồ Chí Minh",1,1,1,1,2.0
568,411959,63.72,63.72,,,,,2.0,2.0,0,0,0,Đ.Nam,Đ.An Dương Vương,P.16,Q.8,2.15,33.7,"bán căn hộ 2 phòng ngủ, chung cư the avila phường 16 quận 8","Đ.An Dương Vương, P.16, Q.8, Hồ Chí Minh",1,1,0,0,2.0
573,381299,76.0,76.0,,,,,2.0,2.0,0,0,0,Đ.Nam,Đ.Nguyễn Văn Linh,X.Bình Hưng,H.Bình Chánh,2.15,28.2,bán căn hộ chung cư happy city xã bình hưng huyện bình chánh ,"Đ.Nguyễn Văn Linh, X.Bình Hưng, H.Bình Chánh, Hồ Chí Minh",1,1,1,1,2.0
574,369258,54.0,54.0,,,,,2.0,1.0,0,0,0,T.Nam,Đ.Nguyễn Xiển,P.Long Thạnh Mỹ,Q.9,2.15,39.8,bán căn hộ 2 phòng ngủ chung cư vinhomes grand park - quận 9.,"Đ.Nguyễn Xiển, P.Long Thạnh Mỹ, Q.9, Hồ Chí Minh",1,1,0,0,2.0
575,193136,84.0,84.0,,,,,2.0,2.0,0,0,0,,Đ.Phan Văn Hớn,P.Tân Thới Nhất,Q.12,2.15,25.5,bán căn hộ chung cư tín phong - 12 view quận 12 - diện tích 85m2,"Đ.Phan Văn Hớn, P.Tân Thới Nhất, Q.12, Hồ Chí Minh",1,1,1,1,2.0
576,281380,53.1,53.1,,,,,2.0,1.0,0,0,0,,Đ.Võ Công Tồn,P.Tân Quý,Q.Tân Phú,2.15,40.4,bán chung cư nhiêu lộc c tầng 5 - quận tân phú,"Đ.Võ Công Tồn, P.Tân Quý, Q.Tân Phú, Hồ Chí Minh",1,1,0,0,2.0
578,335596,73.0,73.0,,,,,2.0,2.0,0,0,0,,Đ.Ba Tơ,P.7,Q.8,2.15,29.4,bán căn hộ chung cư conic riverside tầng trung phường 7 quận 8 - giao dịch an toàn,"Đ.Ba Tơ, P.7, Q.8, Hồ Chí Minh",1,1,1,1,2.0
580,378022,97.46,97.46,,,,,3.0,2.0,0,0,0,,Đ.Nguyễn Lương Bằng,P.Tân Phú,Q.7,2.15,22.0,bán căn hộ 3 phòng ngủ 97.46m2 đầy đủ nội thất chung cư era town đức khải phường phú mỹ quận 7,"Đ.Nguyễn Lương Bằng, P.Tân Phú, Q.7, Hồ Chí Minh",1,1,1,1,2.0
581,233593,102.03,102.03,,,,,2.0,2.0,0,0,0,Đ.Nam,Đ.Võ Văn Kiệt,P.13,Q.5,2.15,21.0,bán căn hộ chung cư quận 5 - gần chợ kim biên,"Đ.Võ Văn Kiệt, P.13, Q.5, Hồ Chí Minh",0,0,0,0,2.0
583,383557,30.0,30.0,,,,,1.0,1.0,0,0,0,,Đ.Nguyễn Trãi,P.Nguyễn Cư Trinh,Q.1,2.15,71.6,"chính chủ cần bán căn hộ chung cư 269f nguyễn trãi, tầng 5 thang bộ, đang cho thuê","Đ.Nguyễn Trãi, P.Nguyễn Cư Trinh, Q.1, Hồ Chí Minh",0,0,0,0,2.0
585,417025,35.59,35.59,,,,,1.0,1.0,0,0,0,,Đ.Nguyễn Thiện Thuật,P.1,Q.3,2.15,60.4,bán căn hộ lô b chung cư nguyễn thiện thuật phường 1 quận 3,"Đ.Nguyễn Thiện Thuật, P.1, Q.3, Hồ Chí Minh",0,0,0,0,2.0
586,378310,65.0,65.0,,,,,2.0,2.0,0,0,0,Đ.Bắc,Đ.số 19,X.Phong Phú,H.Bình Chánh,2.15,33.0,bán căn hộ cao cấp 2pn tại chung cư lovera vista - bình chánh.,"Đ.số 19, X.Phong Phú, H.Bình Chánh, Hồ Chí Minh",1,1,1,1,2.0
588,151282,57.3,57.3,,,,,2.0,1.0,0,0,0,Đ.Nam,Đ.số 35 - CL,P.Cát Lái,Q.2,2.15,37.5,"bán căn hộ chính chủ thuộc dự án citihome phường cát lái, quận 2.","Đ.số 35 - CL, P.Cát Lái, Q.2, Hồ Chí Minh",0,0,0,1,2.0
590,413899,83.4,83.4,,,,,2.0,2.0,0,0,0,Tây,Đ.Nguyễn Văn Linh,X.Phong Phú,H.Bình Chánh,2.16,25.8,bán căn hộ huyện bình chánh - chung cư conic skyway residence - đã có sổ hồng - tầng thấp tiện di chuyển,"Đ.Nguyễn Văn Linh, X.Phong Phú, H.Bình Chánh, Hồ Chí Minh",1,1,0,0,2.0
594,408853,31.15,31.15,,,,,1.0,1.0,0,0,0,Đ.Nam,Đ.Trần Văn Kiểu,P.10,Q.6,2.18,69.9,"bán căn hộ asiana capella quận 6 - thích hợp làm văn phòng, spa, cty","Đ.Trần Văn Kiểu, P.10, Q.6, Hồ Chí Minh",0,0,0,0,2.0
595,394832,74.3,74.3,,,,,2.0,2.0,0,0,0,,Đ.Bình Long,P.Bình Hưng Hòa A,Q.Bình Tân,2.18,29.3,bán căn hộ 2pn chung cư ngọc đông dương (8x rainbow) quận bình tân,"Đ.Bình Long, P.Bình Hưng Hòa A, Q.Bình Tân, Hồ Chí Minh",1,1,1,0,2.0
596,406407,61.12,61.12,,,,,2.0,2.0,0,0,0,Đ.Nam,Đ.Tân Liêm,X.Phong Phú,H.Bình Chánh,2.18,35.6,"bán căn hộ 2 phòng ngủ chung cư lovera vista xã phong phú, huyện bình chánh.","Đ.Tân Liêm, X.Phong Phú, H.Bình Chánh, Hồ Chí Minh",1,1,0,0,2.0
598,237182,47.38,47.38,,,,,1.0,1.0,0,0,0,T.Nam,Đ.Mai Chí Thọ,P.An Phú,Q.2,2.18,46.1,"chính chủ bán căn officetel, chung cư the sun avenue, phường an phú, quận 2.","Đ.Mai Chí Thọ, P.An Phú, Q.2, Hồ Chí Minh",1,1,1,1,2.0
601,388926,48.92,48.92,,,,,1.0,1.0,0,0,0,,Đ.Bùi Văn Ba,P.Tân Thuận Đông,Q.7,2.2,44.9,"bán căn hộ 1 phòng ngủ 48.92m2, chung cư jamona heights quận 7 - căn góc","Đ.Bùi Văn Ba, P.Tân Thuận Đông, Q.7, Hồ Chí Minh",1,1,1,1,2.0
602,297729,61.4,61.4,,,,,2.0,1.0,0,0,0,,Đ.Nguyễn Duy Trinh,P.Bình Trưng Đông,Q.2,2.2,35.8,"bán căn hộ 2 phòng ngủ, nội thất đầy đủ, chung cư thủ thiêm xanh, phường bình trưng đông, quận 2.","Đ.Nguyễn Duy Trinh, P.Bình Trưng Đông, Q.2, Hồ Chí Minh",1,1,1,1,2.0
605,404967,76.0,76.0,,,,,2.0,2.0,0,0,0,,Đ.Nguyễn Văn Linh,X.Bình Hưng,H.Bình Chánh,2.2,28.9,"bán căn hộ chung cư happy city xã bình hưng, bình chánh - căn góc - nội thất như hình","Đ.Nguyễn Văn Linh, X.Bình Hưng, H.Bình Chánh, Hồ Chí Minh",0,0,0,0,2.0
607,417632,51.2,51.2,,,,,2.0,1.0,0,0,0,Đ.Bắc,Đ.Hồ Văn Huê,P.9,Q.Phú Nhuận,2.2,42.9,bán căn hộ quận phú nhuận - chung cư 43 hồ văn huê - đã có sổ hồng - tầng cao view thoáng,"Đ.Hồ Văn Huê, P.9, Q.Phú Nhuận, Hồ Chí Minh",1,1,1,0,2.0
609,376155,71.96,71.96,,,,,2.0,2.0,0,0,0,,Đ.Số 30,P.Linh Đông,Q.Thủ Đức,2.2,30.5,bán căn hộ chung cư 4s linh đông phường linh đông thành phố thủ đức,"Đ.Số 30, P.Linh Đông, Q.Thủ Đức, Hồ Chí Minh",0,0,0,0,2.0
611,332001,93.4,93.4,,,,,3.0,2.0,0,0,0,,Đ.Nguyễn Văn Linh,X.Phong Phú,H.Bình Chánh,2.2,23.5,bán căn hộ chung cư the mansion xã phong phú huyện bình chánh - sổ hồng riêng chính chủ,"Đ.Nguyễn Văn Linh, X.Phong Phú, H.Bình Chánh, Hồ Chí Minh",0,0,0,0,2.0
613,165508,51.4,51.4,,,,,1.0,1.0,0,0,0,Đ.Nam,Đ.Kinh Dương Vương,P.An Lạc A,Q.Bình Tân,2.2,42.8,bán căn hộ cao cấp 1 phòng ngủ sang trọng tại moonlight quận bình tân,"Đ.Kinh Dương Vương, P.An Lạc A, Q.Bình Tân, Hồ Chí Minh",1,1,1,1,2.0
614,377457,58.1,58.1,8.0,7.2,,,2.0,2.0,0,0,0,Đ.Nam,Đ.Tăng Nhơn Phú,P.Phước Long B,Q.9,2.2,37.8,bán căn hộ tầng cao thoáng mát chung cư 9 view quận 9,"Đ.Tăng Nhơn Phú, P.Phước Long B, Q.9, Hồ Chí Minh",1,1,1,1,2.0
615,237192,49.04,49.04,,,,,1.0,1.0,0,0,0,T.Nam,Đ.Mai Chí Thọ,P.An Phú,Q.2,2.2,44.8,"bán căn officetel thô, chung cư the sun avenue, phường an phú, quận 2","Đ.Mai Chí Thọ, P.An Phú, Q.2, Hồ Chí Minh",1,1,1,1,2.0
616,251844,44.64,44.64,,,,,1.0,1.0,0,0,0,Đ.Nam,Đ.Mai Chí Thọ,P.An Phú,Q.2,2.2,49.2,"bán căn officetel chung cư the sun avenue, phường an phú, quận 2","Đ.Mai Chí Thọ, P.An Phú, Q.2, Hồ Chí Minh",1,1,1,1,2.0
617,256671,35.02,35.02,,,,,1.0,1.0,0,0,0,Đ.Bắc,Đ.Mai Chí Thọ,P.An Phú,Q.2,2.2,62.8,"bán căn officetel, chung cư the sun avenue, phường an phú, quận 2","Đ.Mai Chí Thọ, P.An Phú, Q.2, Hồ Chí Minh",1,1,1,1,2.0
618,320147,40.8,40.8,,,,,1.0,1.0,0,0,0,T.Bắc,Đ.Mai Chí Thọ,P.An Phú,Q.2,2.2,53.9,"cần bán căn officetel, chung cư the sun avenue, quận 2","Đ.Mai Chí Thọ, P.An Phú, Q.2, Hồ Chí Minh",1,1,1,1,2.0
619,386575,64.0,64.0,,,,,2.0,2.0,0,0,0,,Đ.Số 59,P.14,Q.Gò Vấp,2.2,34.3,bán căn hộ cao cấp 2pn sang trọng tại dream home luxury - quận gò vấp,"Đ.Số 59, P.14, Q.Gò Vấp, Hồ Chí Minh",1,1,1,1,2.0
623,265386,87.0,87.0,,,,,2.0,2.0,0,0,0,Bắc,Đ.Nguyễn Sơn,P.Phú Thạnh,Q.Tân Phú,2.2,25.2,bán căn hộ 2pn chung cư phú thạnh quận tân phú - không gian sống tiện ích,"Đ.Nguyễn Sơn, P.Phú Thạnh, Q.Tân Phú, Hồ Chí Minh",1,0,0,0,2.0
624,399317,51.7,51.7,,,,,1.0,1.0,0,0,0,T.Nam,Đ.Nguyễn Xiển,P.Long Thạnh Mỹ,Q.9,2.2,42.5,căn hộ tầng cao vinhomes grandpark thành phố thủ đức,"Đ.Nguyễn Xiển, P.Long Thạnh Mỹ, Q.9, Hồ Chí Minh",0,0,0,0,2.0
625,330693,51.7,51.7,8.0,6.5,,,1.0,1.0,0,0,0,Đ.Bắc,Đ.Nguyễn Xiển,P.Long Thạnh Mỹ,Q.9,2.2,42.5,bán căn hộ 1 phòng ngủ+ chung cư vinhomes grand park - view hướng đông bắc,"Đ.Nguyễn Xiển, P.Long Thạnh Mỹ, Q.9, Hồ Chí Minh",0,0,1,1,2.0
626,263240,59.3,59.3,8.0,7.8,,,2.0,1.0,0,0,0,Đ.Nam,Đ.Nguyễn Xiển,P.Long Thạnh Mỹ,Q.9,2.2,37.0,bán căn hộ 2 phòng ngủ chung cư vinhomes grand park - view hướng đông nam,"Đ.Nguyễn Xiển, P.Long Thạnh Mỹ, Q.9, Hồ Chí Minh",0,0,1,1,2.0
628,416715,38.0,38.0,,,,,1.0,1.0,0,0,0,,Đ.Nguyễn Thiện Thuật,P.1,Q.3,2.2,57.8,"bán chung cư nguyễn thiện thuật quận 3 - lầu 2, diện tích 38m2","Đ.Nguyễn Thiện Thuật, P.1, Q.3, Hồ Chí Minh",0,0,0,0,2.0
630,387071,60.4,60.4,,,,,2.0,1.0,0,0,0,Đ.Nam,Đ.Khuông Việt,P.Phú Trung,Q.Tân Phú,2.2,36.4,bán căn hộ 2pn tầng 1 chung cư huỳnh văn chính ii quận tân phú,"Đ.Khuông Việt, P.Phú Trung, Q.Tân Phú, Hồ Chí Minh",1,1,1,0,2.0
631,380404,83.75,83.75,,,,,2.0,2.0,0,0,0,Đông,Đ.Số 1,P.Bình Hưng Hòa B,Q.Bình Tân,2.2,26.2,bán căn hộ 2 phòng ngủ tầng cao chung cư green hills bình tân,"Đ.Số 1, P.Bình Hưng Hòa B, Q.Bình Tân, Hồ Chí Minh",1,1,1,0,2.0
653,387811,1083.88,1083.88,,,,,,2.0,0,0,0,Đ.Nam,Đ.Bến Vân Đồn,P.1,Q.4,130.0,119.9,"bán căn hộ office orient apartment 1083,88m2 - view sông phong thủy tốt","Đ.Bến Vân Đồn, P.1, Q.4, Hồ Chí Minh",0,0,0,0,2.0
697,414242,165.15,165.15,,,,,3.0,3.0,0,0,0,Đông,Đ.Tôn Đức Thắng,P.Bến Nghé,Q.1,73.0,442.0,bán căn hộ cao cấp chung cư grand marina sài gòn quận 1,"Đ.Tôn Đức Thắng, P.Bến Nghé, Q.1, Hồ Chí Minh",1,1,1,0,2.0
743,278830,428.0,428.0,,,,,4.0,4.0,0,0,0,,Đ.số 11,P.Thảo Điền,Q.2,55.0,128.5,"bán căn hộ penthouse duplex hạng sang nassim thảo điền, 4 phòng ngủ, nội thất cơ bản.","Đ.số 11, P.Thảo Điền, Q.2, Hồ Chí Minh",0,0,1,1,2.0
918,415691,157.5,470.9,22.3,7.6,8.0,,20.0,20.0,3,0,0,T.Bắc,Đ.Lê Văn Sỹ,P.1,Q.Tân Bình,36.0,228.5,"bán căn hộ dịch vụ 20 phòng full nội thất, hẻm xe tải, p. 1, quận tân bình","Đ.Lê Văn Sỹ, P.1, Q.Tân Bình, Hồ Chí Minh",1,1,0,0,2.0
1035,104069,140.0,350.0,20.0,7.0,,10.0,3.0,3.0,3,0,0,,Đ.song hành cao tốc Long Thành- Dầu Giây,P.An Phú,Q.2,30.0,214.2,chính chủ bán căn shophouse thuộc lakeview city quận 2.,"Đ.song hành cao tốc Long Thành- Dầu Giây, P.An Phú, Q.2, Hồ Chí Minh",0,0,0,0,2.0
1070,316726,162.0,800.0,17.0,8.15,3.5,,39.0,39.0,3,1,0,Đ.Nam,Đ.Nguyễn Trọng Tuyển,P.8,Q.Phú Nhuận,29.0,179.0,cần căn hộ dịch vụ hẻm xe hơi đường nguyễn trọng tuyển quận phú nhuận,"Đ.Nguyễn Trọng Tuyển, P.8, Q.Phú Nhuận, Hồ Chí Minh",0,0,0,0,2.0
1166,261009,316.85,316.85,,,,,5.0,3.0,0,0,0,Nam,Đ.Võ Văn Kiệt,P.3,Q.6,27.0,85.2,bán căn hộ penthouse viva riverside tiện ích cao cấp - tầng 26 - 317m2 5pn 3wc,"Đ.Võ Văn Kiệt, P.3, Q.6, Hồ Chí Minh",1,1,1,1,2.0
1238,312569,150.0,556.7,37.0,4.0,3.0,,10.0,8.0,3,0,1,Đ.Bắc,Đ.Hồ Văn Huê,P.9,Q.Phú Nhuận,25.5,170.0,cần bán căn hộ dịch vụ hẻm xe hơi đường hồ văn huê quận phú nhuận,"Đ.Hồ Văn Huê, P.9, Q.Phú Nhuận, Hồ Chí Minh",0,0,0,0,2.0
1307,409437,139.96,139.96,,,,10.0,,2.0,0,0,0,T.Bắc,Đ.Số 2,P.Trường Thọ,Q.Thủ Đức,6.9,49.2,bán shophouse quận thủ đức - chung cư lavita charm - ngay ga metro số 10 bình thái,"Đ.Số 2, P.Trường Thọ, Q.Thủ Đức, Hồ Chí Minh",1,1,0,0,2.0
1309,395945,144.5,144.5,,,,,,,0,0,0,Bắc,Đ.Võ Chí Công,P.Phú Hữu,Q.9,5.85,40.4,"cần bán shophouse thuộc căn hộ chung cư hausneo - quận 9, thành phố thủ đức","Đ.Võ Chí Công, P.Phú Hữu, Q.9, Hồ Chí Minh",1,1,0,0,2.0
1407,323595,138.56,138.56,10.2,8.9,,10.0,3.0,2.0,0,1,0,T.Nam,Đ.Nguyễn Bính,P.Tân Phong,Q.7,12.5,90.2,"bán shophouse khu mỹ phước, tân phong quận 7","Đ.Nguyễn Bính, P.Tân Phong, Q.7, Hồ Chí Minh",1,1,1,1,2.0
1412,402809,136.5,272.0,15.0,10.0,,10.0,4.0,4.0,3,0,0,Đông,Đ.Trịnh Quang Nghị,X.Phong Phú,H.Bình Chánh,14.0,102.5,chính chủ bán shophouse dự án lovera premier xã phong phú- huyện bình chánh,"Đ.Trịnh Quang Nghị, X.Phong Phú, H.Bình Chánh, Hồ Chí Minh",1,1,1,1,2.0
